X [],ES: EMG 1->Filter->Subset->RMS [],GMax: EMG 2->Filter->Subset->RMS [],BF: EMG 3->Filter->Subset->RMS [],ST: EMG 4->Filter->Subset->RMS [],URA: EMG 5->Filter->Subset->RMS [],LRA: EMG 6->Filter->Subset->RMS [],EO: EMG 7->Filter->Subset->RMS [],IL: EMG 8->Filter->Subset->RMS [],RF: EMG 9->Filter->Subset->RMS []
0.000000000000 ,0.2531218045,0.0721557522,0.0124804596,0.0804804671,0.0611896492,0.0346589189,0.1645796748,0.0780117647,0.0370353245
0.010323500000 ,0.2735661654,0.1077539823,0.0183189256,0.0902376858,0.0700874374,0.0444506306,0.1692544715,0.0996287582,0.0479112066
0.020647100000 ,0.1945691729,0.1035221239,0.0361144844,0.0477503185,0.0586250216,0.0476256757,0.0616200813,0.0895039216,0.0430402770
0.030970600000 ,0.3093894737,0.0738747788,0.0486425823,0.0376851380,0.0596227752,0.0555621622,0.0931186992,0.0775424837,0.0429992988
0.041294100000 ,0.5468706767,0.1212840708,0.0514065821,0.0575989384,0.0666513738,0.0493270270,0.1199121951,0.0820228758,0.0356002104
0.051617600000 ,0.5236548872,0.1423172566,0.0430670533,0.0712149682,0.0863995162,0.0371431081,0.1488967480,0.0894986928,0.0298483587
0.061941200000 ,0.2695360902,0.1103907080,0.0600756543,0.1390148620,0.0700216001,0.0359447297,0.1505121951,0.0940333333,0.0307781479
0.072264700000 ,0.3165030075,0.0931898230,0.0937480514,0.1770477707,0.0581925868,0.0402117117,0.1405252033,0.1241464052,0.0366194066
0.082588200000 ,0.3237571429,0.0940721239,0.0770979909,0.1340424628,0.0643343701,0.0428990090,0.1471569106,0.1210385621,0.0389102424
0.092911800000 ,0.3136902256,0.0818929204,0.0321118899,0.0888665605,0.0760042336,0.0426138739,0.1189772358,0.1095313725,0.0430076259
0.103235000000 ,0.2393278195,0.0877862832,0.0465903219,0.0828777070,0.0702141006,0.0579806306,0.0772000000,0.1164562092,0.0487761318
0.113559000000 ,0.2794120301,0.0917070796,0.0556602313,0.1013943737,0.0667239502,0.0561630631,0.0861455285,0.1012575163,0.0400699040
0.123882000000 ,0.2487646617,0.0604283186,0.0628204681,0.1130106157,0.0634390876,0.0480130631,0.1332926829,0.0836189542,0.0342200990
0.134206000000 ,0.1776030075,0.0599199115,0.0760383940,0.1160806794,0.0627202350,0.0491549550,0.1327853659,0.1516124183,0.0323357584
0.144529000000 ,0.2232511278,0.0832243363,0.0689138042,0.1130711253,0.0818135476,0.0413331081,0.0992634146,0.1702954248,0.0377663584
0.154853000000 ,0.2571774436,0.0792681416,0.0519263515,0.1330286624,0.0887817522,0.0305085586,0.0823495935,0.1192379085,0.0409041504
0.165176000000 ,0.2762022556,0.0563946903,0.0589685282,0.1433917197,0.0913314325,0.0320531081,0.0655682114,0.0959980392,0.0412100627
0.175500000000 ,0.2839338346,0.0542960177,0.1065968626,0.0963826964,0.0977337135,0.0379076577,0.0907504065,0.1050777778,0.0398139545
0.185824000000 ,0.2564142857,0.0778336283,0.1328028081,0.0695804671,0.0803119060,0.0345816667,0.0941040650,0.1214019608,0.0307181049
0.196147000000 ,0.2485285714,0.0827964602,0.1152377007,0.0582159236,0.0654117850,0.0377440541,0.0861796748,0.1212725490,0.0366952272
0.206471000000 ,0.3359578947,0.0743672566,0.1025626547,0.0522928875,0.1012795922,0.0412198198,0.0949349593,0.1095411765,0.0361362142
0.216794000000 ,0.3242428571,0.0823314159,0.0868313475,0.0912720807,0.1399135994,0.0504522523,0.0980642276,0.1193882353,0.0323971162
0.227118000000 ,0.3511428571,0.0748588496,0.1635878037,0.1028600849,0.3040262658,0.0584662162,0.1073699187,0.1121143791,0.0390092913
0.237441000000 ,0.4834172932,0.0952159292,0.1919560027,0.0976432059,0.3274969760,0.0547463964,0.1045235772,0.0851810458,0.0357303765
0.247765000000 ,0.3974676692,0.1215588496,0.1499264169,0.0782200637,0.2799127354,0.0504000000,0.0847845528,0.0697627451,0.0460489986
0.258088000000 ,0.1856458647,0.1096172566,0.1137464162,0.0287141189,0.2598608951,0.0513279279,0.0603230894,0.0690385621,0.0468674672
0.268412000000 ,0.2441631579,0.0804646018,0.0670323657,0.0382390658,0.1799680318,0.0589833333,0.0615813821,0.1000333333,0.0429383793
0.278735000000 ,0.2377932331,0.0782274336,0.0528603665,0.0433988323,0.1758536375,0.0567522523,0.1171577236,0.1733464052,0.0481404216
0.289059000000 ,0.2033563910,0.0780137168,0.0368076919,0.0512165605,0.1296984621,0.0428610360,0.1344373984,0.1702666667,0.0426960161
0.299382000000 ,0.1999917293,0.0596955752,0.0313145760,0.0771768577,0.1144833247,0.0435616216,0.1355382114,0.1391209150,0.0373239251
0.309706000000 ,0.2981300752,0.0782818584,0.0341471444,0.1070201699,0.0867349231,0.0521369369,0.1290682927,0.1266699346,0.0411771924
0.320029000000 ,0.3207473684,0.0829336283,0.0333715239,0.1300626327,0.0703628823,0.0500671171,0.1241845528,0.0930797386,0.0450249814
0.330353000000 ,0.2515796992,0.0844477876,0.0268532589,0.1273014862,0.0537505616,0.0363786486,0.1550105691,0.1071725490,0.0398996362
0.340676000000 ,0.2348533835,0.1124097345,0.0416157762,0.0978334395,0.0478039571,0.0364729730,0.1935463415,0.1040477124,0.0386060832
0.351000000000 ,0.2261406015,0.0949827434,0.0533658553,0.0647740977,0.0628926041,0.0431254054,0.1983569106,0.1121398693,0.0532705877
0.361324000000 ,0.2131563910,0.1006407080,0.0783883662,0.0420394904,0.0756765163,0.0468283784,0.1557048780,0.0938843137,0.0714524258
0.371647000000 ,0.2532796992,0.1011141593,0.0788555918,0.0344683652,0.0661200968,0.0445281081,0.1578609756,0.0595313725,0.0646566157
0.381971000000 ,0.3298458647,0.0731455752,0.0471705929,0.0618349257,0.0695728357,0.0323902703,0.1413691057,0.1198235294,0.0439523163
0.392294000000 ,0.3549872180,0.1116163717,0.0468770235,0.0642236730,0.0859837567,0.0442056757,0.1279829268,0.1281300654,0.0342897839
0.402618000000 ,0.3641360902,0.1218022124,0.0488517764,0.0801134820,0.0806954381,0.0485247748,0.1395056911,0.0907751634,0.0381901652
0.412941000000 ,0.4069766917,0.1393309735,0.0687622775,0.0924938429,0.0777979955,0.0352382432,0.1001089431,0.1138673203,0.0499130035
0.423265000000 ,0.3569744361,0.1435203540,0.0788486150,0.1067526539,0.0730166753,0.0336365766,0.0702956911,0.1087490196,0.0411175878
0.433588000000 ,0.2906240602,0.1075150442,0.1426792975,0.1037341826,0.0681287368,0.0405119820,0.0636762602,0.1026183007,0.0274014989
0.443912000000 ,0.3065842105,0.0730566372,0.1604613389,0.0750549894,0.0714032314,0.0433607207,0.1162398374,0.1598444444,0.0531860017
0.454235000000 ,0.2879511278,0.0750898230,0.0946182944,0.0736253715,0.0753135476,0.0388459910,0.1820016260,0.1460013072,0.0715617741
0.464559000000 ,0.2559308271,0.0833676991,0.0530910359,0.0765512739,0.0775802661,0.0325508108,0.1791284553,0.0686705882,0.0545080422
0.474882000000 ,0.4556308271,0.0684991150,0.0571967558,0.1017373673,0.0859905823,0.0324257658,0.1369227642,0.0775849673,0.0236288732
0.485206000000 ,0.4604736842,0.1016345133,0.0618198467,0.0893361996,0.0863803352,0.0361825676,0.1565447154,0.1534843137,0.0409622212
0.495529000000 ,0.2707518797,0.1231747788,0.0603474213,0.0667847134,0.0768547607,0.0528851351,0.1595390244,0.1651098039,0.0485729938
0.505853000000 ,0.2956120301,0.1017876106,0.0510377945,0.1015790870,0.0779027130,0.0504472973,0.1688105691,0.1211084967,0.0486705088
0.516176000000 ,0.2484458647,0.0616977876,0.0369853815,0.1596719745,0.0602400207,0.0347521171,0.1597747967,0.1251313725,0.0485324539
0.526500000000 ,0.1913278195,0.0546048673,0.0615029488,0.1534171975,0.0587607569,0.0365222973,0.1788560976,0.2094058824,0.0397799886
0.536824000000 ,0.1976323308,0.0718672566,0.0703130825,0.0732587049,0.0728664247,0.0343563964,0.2040747967,0.2303954248,0.0424661437
0.547147000000 ,0.2658000000,0.0786548673,0.0440181832,0.0521488323,0.0750306722,0.0477472973,0.1548008130,0.1461627451,0.0445106719
0.557471000000 ,0.3318721805,0.1009787611,0.0347424591,0.1146475584,0.0748759288,0.0503211712,0.1587227642,0.0903163399,0.0424383135
0.567794000000 ,0.3107451128,0.1166880531,0.0379755377,0.1325552017,0.0974796959,0.0403298198,0.2338658537,0.1207856209,0.0405088311
0.578118000000 ,0.2419187970,0.1066438053,0.0529368929,0.1048795117,0.0868861241,0.0514054054,0.2362097561,0.1239013072,0.0304461586
0.588441000000 ,0.1981571429,0.0873292035,0.0601051966,0.0921830149,0.0683145844,0.0529977477,0.2043869919,0.0868464052,0.0299184818
0.598765000000 ,0.2060398496,0.1047663717,0.0735688356,0.1032063694,0.0907724209,0.0439089189,0.1794739837,0.1285222222,0.0475029583
0.609088000000 ,0.2519421053,0.0960269912,0.0649838117,0.1059056263,0.0852585969,0.0393301802,0.1114715447,0.1321326797,0.0546044616
0.619412000000 ,0.2221729323,0.0653318584,0.0359573981,0.0934709130,0.0741527562,0.0354466216,0.1502455285,0.1889287582,0.0456414077
0.629735000000 ,0.1768849624,0.0993092920,0.0772083111,0.0995802548,0.0721534474,0.0471490991,0.1775008130,0.2161830065,0.0520164789
0.640059000000 ,0.1686962406,0.0921207965,0.0860596514,0.0872518047,0.0869751166,0.0550472973,0.1681983740,0.1634078431,0.0544685980
0.650382000000 ,0.1943887218,0.1771420354,0.0634241767,0.1089670913,0.0914005530,0.0496328829,0.1540731707,0.1675941176,0.0407724504
0.660706000000 ,0.1829721805,0.2202132743,0.0456048532,0.1144968153,0.0753078452,0.0424279279,0.2168959350,0.2145699346,0.0384653986
0.671029000000 ,0.1388052632,0.2037415929,0.0279371655,0.0967382166,0.0634351132,0.0409879279,0.2906382114,0.2465013072,0.0401544901
0.681353000000 ,0.1633932331,0.1377061947,0.0299437498,0.1075966030,0.0537453776,0.0372801351,0.2597178862,0.2277908497,0.0392203182
0.691676000000 ,0.2298150376,0.0571168142,0.0439308646,0.1047907643,0.0922222222,0.0419515315,0.1689764228,0.1835013072,0.0453300171
0.702000000000 ,0.2641556391,0.0732380531,0.0610420459,0.1023800425,0.1112441680,0.0497536036,0.1587138211,0.1629202614,0.0439849673
0.712324000000 ,0.2228691729,0.1022066372,0.0580415990,0.0834458599,0.1245852773,0.0526801802,0.2135203252,0.1513633987,0.0387086383
0.722647000000 ,0.1843631579,0.1106469027,0.0572872358,0.1768195329,0.2510921030,0.0694909910,0.2059699187,0.1135934641,0.0420736731
0.732971000000 ,0.2438105263,0.0915659292,0.0586123859,0.2035966030,0.3182918611,0.0734000000,0.1541235772,0.1321287582,0.0468957356
0.743294000000 ,0.2738691729,0.0715013274,0.0515034938,0.1420180467,0.3100984966,0.0532108108,0.1189121951,0.1730254902,0.0508723759
0.753618000000 ,0.2304699248,0.1102181416,0.0693321923,0.1029505308,0.2905538275,0.0532626126,0.1205886179,0.1523915033,0.0477115747
0.763941000000 ,0.3171804511,0.1135252212,0.0681074423,0.0699860934,0.1938655607,0.0506283784,0.1611829268,0.1421973856,0.0538607179
0.774265000000 ,0.3665105263,0.1401738938,0.0489738698,0.0729139066,0.1658432694,0.0367762613,0.1591943089,0.1289856209,0.0487257308
0.784588000000 ,0.3459909774,0.1522893805,0.0458181897,0.1718736730,0.1104510109,0.0279653604,0.1117699187,0.0898830065,0.0410218258
0.794912000000 ,0.3059075188,0.1312349558,0.0493621706,0.2219193206,0.0898531191,0.0414534685,0.0873528455,0.1064882353,0.0418133409
0.805235000000 ,0.2196699248,0.0925951327,0.0705508378,0.1823598726,0.0854189563,0.0434255856,0.1048260163,0.1315261438,0.0256977254
0.815559000000 ,0.2426052632,0.0673477876,0.0740112064,0.1380636943,0.0643412822,0.0270354054,0.1217951220,0.1390555556,0.0342365342
0.825882000000 ,0.1990721805,0.0893398230,0.0502541070,0.1342993631,0.0498324693,0.0355081532,0.1108560976,0.1143248366,0.0381969584
0.836206000000 ,0.1729203008,0.0862393805,0.0360695715,0.1060340764,0.0720069120,0.0450345946,0.0854528455,0.1003594771,0.0382151466
0.846529000000 ,0.2301947368,0.0864902655,0.0487657659,0.0927506369,0.0661455849,0.0427095946,0.0877471545,0.0968686275,0.0403142394
0.856853000000 ,0.2480827068,0.0930517699,0.0445880981,0.0994029724,0.0572482288,0.0350595495,0.0953455285,0.0847163399,0.0387049130
0.867176000000 ,0.2339736842,0.0811424779,0.0282990854,0.0718162420,0.0722592017,0.0375126577,0.1239097561,0.1361856209,0.0459219003
0.877500000000 ,0.2097992481,0.0597061947,0.0486478149,0.0654307856,0.0803357525,0.0451211712,0.1215406504,0.1520594771,0.0386450892
0.887824000000 ,0.1634842105,0.0680048673,0.0541839905,0.0541941614,0.0827893555,0.0452180180,0.1889439024,0.1677751634,0.0454915195
0.898147000000 ,0.2043699248,0.1135570796,0.0420073474,0.1144225053,0.0754472093,0.0393078829,0.2782089431,0.2109078431,0.0507345400
0.908471000000 ,0.3585383459,0.1043530973,0.0395624257,0.1482186837,0.0672257646,0.0354897748,0.2175455285,0.1615921569,0.0488916159
0.918794000000 ,0.3468421053,0.0956075221,0.0354184427,0.1145721868,0.0841078279,0.0326020721,0.1743813008,0.1017888889,0.0466967612
0.929118000000 ,0.2685729323,0.0932893805,0.0266495154,0.0782443737,0.0724728702,0.0287181982,0.2308902439,0.1201941176,0.0503519306
0.939441000000 ,0.2834270677,0.1047601770,0.0249666968,0.0738390658,0.0593695352,0.0346052252,0.1772601626,0.0981588235,0.0505110225
0.949765000000 ,0.2188097744,0.1527814159,0.0344333010,0.1103694268,0.0615742181,0.0602414414,0.1245040650,0.0655738562,0.0290165228
0.960088000000 ,0.1796744361,0.1353853982,0.0606630111,0.1313142251,0.0497497840,0.0613959459,0.1355666667,0.0716679739,0.0365885086
0.970412000000 ,0.2099511278,0.1016097345,0.0568400685,0.1094639066,0.0565972006,0.0437739640,0.1734788618,0.1174653595,0.0378938949
0.980735000000 ,0.2350007519,0.0818274336,0.0248853739,0.0896952229,0.0640458787,0.0410991441,0.1674552846,0.1280444444,0.0289871587
0.991059000000 ,0.1985744361,0.0828495575,0.0220948841,0.0884227176,0.0548446518,0.0380475225,0.1311390244,0.1189091503,0.0394269624
1.001380000000 ,0.1275443609,0.1074522124,0.0217888873,0.0766433121,0.0711910316,0.0354250450,0.1149886179,0.0970627451,0.0491146952
1.011710000000 ,0.1912172932,0.0888026549,0.0254340314,0.1140191083,0.0866830828,0.0391710360,0.0607166667,0.0900026144,0.0420546084
1.022030000000 ,0.2154398496,0.0680734513,0.0301749643,0.1318131635,0.0772519440,0.0459977477,0.0827902439,0.1056065359,0.0456885217
1.032350000000 ,0.1552503759,0.0559199115,0.0260895207,0.1034633758,0.0756741835,0.0399741892,0.1011829268,0.1178405229,0.0458162773
1.042680000000 ,0.1956879699,0.0586424779,0.0313673378,0.0898365180,0.0749948160,0.0326818919,0.0937967480,0.1142052288,0.0342584476
1.053000000000 ,0.2465060150,0.0670292035,0.0340815192,0.0792152866,0.0711438569,0.0445203153,0.0691457724,0.0858431373,0.0384434851
1.063320000000 ,0.5233706767,0.0653464602,0.0198308133,0.0548967091,0.0913245205,0.0492693694,0.0563325203,0.0709169935,0.0416220362
1.073650000000 ,0.6132300752,0.0863907080,0.0107881460,0.0629713376,0.0972446864,0.0387089189,0.0545249593,0.0553769281,0.0516544682
1.083970000000 ,0.4099864662,0.1303641593,0.0223474649,0.0797875796,0.0858823224,0.0351594595,0.0607589431,0.0783738562,0.0556775650
1.094290000000 ,0.3419962406,0.1249061947,0.0295801947,0.0638324841,0.1080940038,0.0617680180,0.0621914634,0.0919366013,0.0527012754
1.104620000000 ,0.3014000000,0.1184022124,0.0289029030,0.0421894904,0.1230067392,0.0612954955,0.0594532520,0.0791869281,0.0549886050
1.114940000000 ,0.3533248120,0.1010287611,0.0216232980,0.0354781316,0.0998444790,0.0394817568,0.0855617886,0.0965901961,0.0480214314
1.125260000000 ,0.3919812030,0.0723269912,0.0130477582,0.0249469214,0.0703282357,0.0553801802,0.0934837398,0.0992274510,0.0451371784
1.135590000000 ,0.3149428571,0.1890823009,0.0152730206,0.0656060510,0.0910765509,0.0712833333,0.0882715447,0.0929993464,0.0619088837
1.145910000000 ,0.4215330827,0.3195464602,0.0175040607,0.1481072187,0.1026118887,0.0775396396,0.1393983740,0.1366915033,0.0538861375
1.156240000000 ,0.5853774436,0.3071765487,0.0222748629,0.1637229299,0.0938076724,0.1081148649,0.1637430894,0.1296464052,0.0459330762
1.166560000000 ,1.0359624060,0.2021960177,0.0573287694,0.1176709130,0.0920779333,0.1475932432,0.1204731707,0.0733601307,0.0548761888
1.176880000000 ,1.1456541353,0.1458924779,0.0755807616,0.0858026539,0.0830832037,0.1276981982,0.0956439024,0.0722385621,0.0574917824
1.187210000000 ,1.1050451128,0.1214539823,0.0736552822,0.1017563694,0.1174624158,0.0809090090,0.1453227642,0.1041477124,0.0642683087
1.197530000000 ,3.0551127820,0.1156274336,0.0534903470,0.0952326964,0.1223362710,0.0723540541,0.1442000000,0.1350078431,0.0721880615
1.207850000000 ,3.3379624060,0.1082814159,0.0187849520,0.0500220807,0.1606289960,0.0567626126,0.1380772358,0.1314588235,0.0631042644
1.218180000000 ,2.8800451128,0.1117128319,0.0285458886,0.1329118896,0.1969111802,0.0597382883,0.1546146341,0.1027986928,0.0550339659
1.228500000000 ,3.6539022556,0.0911106195,0.0408383025,0.1662600849,0.3561612234,0.0660567568,0.1370934959,0.1021457516,0.0607880089
1.238820000000 ,3.7994360902,0.0794331858,0.0539870058,0.1512080679,0.4038560567,0.0646225225,0.1234593496,0.1495529412,0.0469503002
1.249150000000 ,3.0462406015,0.0792384956,0.0880589319,0.1342197452,0.3323293589,0.0556094595,0.1386544715,0.1363823529,0.0390868651
1.259470000000 ,2.1098496241,0.0809898230,0.0887762310,0.0983029724,0.2300699844,0.0456252252,0.1687349593,0.0948352941,0.0389339089
1.269790000000 ,1.9800225564,0.0738030973,0.0592151134,0.1067526539,0.1877095213,0.0449288288,0.1626471545,0.1053372549,0.0345956962
1.280120000000 ,1.0796766917,0.1382296460,0.0691470899,0.1076560510,0.2031078279,0.0458360360,0.1437804878,0.0886830065,0.0399371083
1.290440000000 ,1.1441804511,0.1808216814,0.0814421201,0.0733602972,0.1541100743,0.0568220721,0.1472308943,0.1078509804,0.0464048736
1.300760000000 ,0.6589353383,0.1714376106,0.0590972714,0.1497123142,0.1665906342,0.0614135135,0.1281032520,0.1276346405,0.0410150327
1.311090000000 ,0.6448157895,0.1351570796,0.0598720199,0.1751146497,0.1378054260,0.0508328829,0.0928414634,0.1279124183,0.0355706272
1.321410000000 ,0.6421721805,0.0981323009,0.1555241843,0.2017091295,0.1036841196,0.0394736486,0.0905000000,0.1578967320,0.0352147522
1.331740000000 ,0.5964639098,0.1136557522,0.1929894367,0.2235902335,0.0864817695,0.0511707207,0.0940235772,0.1491777778,0.0358576938
1.342060000000 ,0.4752323308,0.1655340708,0.1437258130,0.1904787686,0.0841562986,0.0900585586,0.0865967480,0.0886764706,0.0478879783
1.352380000000 ,0.4566105263,0.1793964602,0.0670010792,0.1572707006,0.1338690168,0.1722022523,0.1018105691,0.0683509804,0.0507273086
1.362710000000 ,1.5028947368,0.1301424779,0.0234314805,0.1631050955,0.1351131847,0.1735274775,0.1039308943,0.0830366013,0.0605202261
1.373030000000 ,1.9280977444,0.1126314159,0.0279309518,0.2325997877,0.1171842060,0.1107927928,0.1001227642,0.1843542484,0.0686350090
1.383350000000 ,1.2904511278,0.1888960177,0.0269373072,0.2231836518,0.1260480387,0.1270828829,0.1176032520,0.2577013072,0.0710619275
1.393680000000 ,0.6842368421,0.2272349558,0.1300873186,0.1613949045,0.1109210299,0.1085977477,0.1921634146,0.3885196078,0.0627711794
1.404000000000 ,1.0161729323,0.2042530973,0.2355073965,0.2179426752,0.1123112148,0.0721873874,0.5933073171,0.7265032680,0.0388565543
1.414320000000 ,1.1099548872,0.1281442478,0.2332137835,0.2421719745,0.1409676862,0.0759792793,0.7919691057,0.8600130719,0.0569805408
1.424650000000 ,1.2170676692,0.0708601770,0.1713483697,0.1735615711,0.1671332297,0.0883572072,1.0356585366,1.0949411765,0.0676114301
1.434970000000 ,1.4571503759,0.0730902655,0.1239586626,0.1292112527,0.1389839295,0.0870315315,0.9169756098,0.9865098039,0.0630312925
1.445290000000 ,1.4103007519,0.1048305310,0.0561689904,0.1221634820,0.0909305340,0.0604761261,0.4263430894,0.6035084967,0.0746741465
1.455620000000 ,1.6241428571,0.1399300885,0.0488301920,0.1412176221,0.0793431830,0.0638220721,0.4609764228,0.5558098039,0.0607660955
1.465940000000 ,2.5223082707,0.1178504425,0.0576083852,0.1404033970,0.0910532227,0.0599058559,0.4828016260,0.3635326797,0.0369051584
1.476260000000 ,2.5907744361,0.1244690265,0.0618134150,0.1322346072,0.1762942803,0.1146698198,0.5375089431,0.3711490196,0.0479234781
1.486590000000 ,1.7705488722,0.1214053097,0.0553085585,0.1386825902,0.2252773458,0.1870518018,0.4363617886,0.2997411765,0.0533466275
1.496910000000 ,1.2957218045,0.0960526549,0.0505470223,0.0875169851,0.1842673233,0.1975049550,0.4169243902,0.4209307190,0.0530385239
1.507240000000 ,3.5730526316,0.1136840708,0.0341594628,0.0384091295,0.4014066010,0.1357297297,0.3991308943,0.3824503268,0.0527082877
1.517560000000 ,5.3409849624,0.1140393805,0.0295505434,0.0426946921,0.5603490582,0.1964770270,0.1733821138,0.2802823529,0.0670730157
1.527880000000 ,4.3234060150,0.1132597345,0.0336305364,0.0836513800,0.4114066010,0.2513765766,0.1393113821,0.2802960784,0.1142518736
1.538210000000 ,2.3527969925,0.0971907080,0.0400567953,0.2481008493,0.2399965440,0.1446283784,0.2192146341,0.2427895425,0.1058427927
1.548530000000 ,2.0148872180,0.1373429204,0.0368219725,0.2555902335,0.2106134439,0.1324684685,0.2128317073,0.2720496732,0.0414522067
1.558850000000 ,1.3216691729,0.1380048673,0.0286425823,0.1271496815,0.1260817349,0.2446427928,0.0999626016,0.2046947712,0.0347567603
1.569180000000 ,0.5795225564,0.0943097345,0.0287998866,0.0909670913,0.2775298082,0.2896716216,0.2454243902,0.1820287582,0.0468893807
1.579500000000 ,0.6904240602,0.1001646018,0.0248712023,0.0769949045,0.3852108173,0.2136117117,0.2675227642,0.1864941176,0.0637566288
1.589820000000 ,2.6472932331,0.0893402655,0.0303811060,0.0722274947,0.4486910316,0.3046936937,0.3033439024,0.1719980392,0.0784483061
1.600150000000 ,4.3922255639,0.0850150442,0.0305027635,0.1211921444,0.3895826853,0.3252459459,0.3784699187,0.1310176471,0.0756462287
1.610470000000 ,4.3989172932,0.0693787611,0.0363992238,0.1205244161,0.5287696561,0.2388941441,0.4678219512,0.1698320261,0.0726088005
1.620790000000 ,3.4182030075,0.0859225664,0.0557513654,0.1196698514,0.6059841023,0.3288635135,0.4574227642,0.2881379085,0.0660536004
1.631120000000 ,2.6477368421,0.1013353982,0.0661384671,0.1613333333,0.3737506480,0.4358995495,0.3557382114,0.2758509804,0.0425016435
1.641440000000 ,2.1243759398,0.0930500000,0.0540337719,0.1349872611,0.2361232072,0.4776621622,0.3576674797,0.2079235294,0.0428397686
1.651760000000 ,1.5437067669,0.0865703540,0.0472320757,0.2356539278,0.3563262485,0.2768319820,0.2884406504,0.1825915033,0.0504893281
1.662090000000 ,1.0907969925,0.0773433628,0.0544481266,0.3707813163,0.4862942803,0.1776036036,0.2615658537,0.1588254902,0.0696743656
1.672410000000 ,1.5510827068,0.1041615044,0.0485058812,0.3389182590,0.4144038362,0.1496270270,0.2764203252,0.1830653595,0.1474378753
1.682740000000 ,1.4398496241,0.1227814159,0.0448199666,0.3257515924,0.2260152065,0.0781216216,0.1940723577,0.1707562092,0.1382751896
1.693060000000 ,1.3798721805,0.1448101770,0.0488187457,0.3538216561,0.2116718507,0.0675459459,0.1830455285,0.1909006536,0.0378513827
1.703380000000 ,1.2895488722,0.1514668142,0.0401771445,0.3010764331,0.1659365820,0.1173400901,0.1875130081,0.1698052288,0.0357733269
1.713710000000 ,0.9504887218,0.2078221239,0.0229111661,0.6312494692,0.1962916883,0.1549756757,0.1453634146,0.2448954248,0.0322656353
1.724030000000 ,0.8766766917,0.2527575221,0.0300397894,0.6919426752,0.3586910316,0.1753572072,0.2671585366,0.2788222222,0.0317044309
1.734350000000 ,28.1900751880,0.2278004425,0.0378086403,0.3816921444,0.4114480733,0.2139527027,0.4527967480,0.2115450980,0.0929245738
1.744680000000 ,31.7874436090,0.2415181416,0.0298037784,0.4322717622,0.3887152238,0.2099000000,0.4711008130,0.2812803922,0.1669527107
1.755000000000 ,20.3288721805,0.2489415929,0.0479009735,0.8757367304,0.3338621047,0.1540914414,0.3433536585,0.3573450980,0.1905918832
1.765320000000 ,16.3318045113,0.1740393805,0.0642325008,0.9239904459,0.3987558320,0.1791261261,0.2208975610,0.3291673203,0.2268856554
1.775650000000 ,11.4738345865,0.0697769912,0.0600974567,0.5646836518,0.3257810610,0.3860824324,0.4502130081,0.6990000000,0.2389161590
1.785970000000 ,9.1711278195,0.3157486726,0.0713035658,0.4858811040,0.2454311388,0.4244130631,0.6006008130,0.9334771242,0.2655432353
1.796290000000 ,6.2327894737,0.4430044248,0.1346058670,0.7190403397,0.2263953689,0.6124324324,0.6365325203,0.7906143791,0.3758184687
1.806620000000 ,5.6284511278,0.5037654867,0.1311381945,0.7057006369,0.2481950924,0.6712027027,0.6881869919,0.8979215686,0.6267432178
1.816940000000 ,2.6674060150,0.4527079646,0.0671025694,0.4092579618,0.3424529117,0.8965585586,0.9371056911,0.9600261438,0.9806657317
1.827260000000 ,2.4767218045,0.3766659292,0.0579536263,0.1791900212,0.5369042682,0.7630900901,1.1155121951,0.6680522876,0.9364004909
1.837590000000 ,1.6730902256,0.3248500000,0.0488404391,0.3185498938,1.5640746501,0.5161621622,0.8920487805,0.6550261438,0.6762413990
1.847910000000 ,1.0996240602,0.1778491150,0.0400078489,0.3047038217,2.1840331778,1.1586351351,0.5222747967,0.7316209150,0.7610926064
1.858240000000 ,0.5468037594,0.1576566372,0.0396677314,0.0865580679,1.5614653534,1.1808918919,0.4665772358,0.5534352941,0.6571328395
1.868560000000 ,0.4374127820,0.0851482301,0.0353992565,0.0378414013,1.6076032487,0.9758243243,0.4680447154,0.4378411765,0.3401214007
1.878880000000 ,0.5411368421,0.1473973451,0.0353543436,0.0319427813,1.8047952307,0.9205135135,0.7386845528,0.4365928105,0.2367511066
1.889210000000 ,30.9125563910,0.1688628319,0.0391912398,0.1430944798,1.4429669950,0.4897612613,0.9563414634,0.3429797386,0.3697221370
1.899530000000 ,37.6479699248,0.2139150442,0.0369669585,0.1651910828,1.1226283048,1.3409414414,0.8138373984,0.3954189542,0.3676162510
1.909850000000 ,27.9048120301,0.2222871681,0.0320858361,0.1022628450,1.0636253672,1.3301531532,0.5267162602,0.6974771242,0.2812398650
1.920180000000 ,21.7596240602,0.1587659292,0.0363278210,0.0881033970,1.2857179886,0.6965405405,1.0658943089,1.4074967320,0.2508568173
1.930500000000 ,13.9606766917,0.1858216814,0.0375097293,0.0928402335,2.1270260930,1.2773963964,1.1854390244,1.6520392157,0.1693290091
1.940820000000 ,11.9627067669,0.1650628319,0.0251386088,0.0910756900,1.9511404873,1.3996486486,0.8394959350,1.5987973856,0.1569154578
1.951150000000 ,5.3846240602,0.1300314159,0.0373326938,0.0786744161,1.4578106100,1.1698198198,0.7609170732,1.2651830065,0.1599897007
1.961470000000 ,8.3137593985,0.1220057522,0.0382541724,0.0661128450,2.0813461206,1.5759549550,0.4982878049,0.8643006536,0.1453177455
1.971790000000 ,23.3183458647,0.1221384956,0.0262886856,0.1498736730,1.6946431657,1.6786486486,0.4217097561,0.9818627451,0.1599018276
1.982120000000 ,26.4779699248,0.1051460177,0.0287689272,0.1691783439,1.2837394159,1.4397432432,0.5577032520,0.7632352941,0.2744094316
1.992440000000 ,18.5001503759,0.1281446903,0.0367444649,0.1125360934,1.9810177985,1.1916711712,0.6460780488,1.2263137255,0.4061533067
2.002760000000 ,12.3122556391,0.1395075221,0.0520695933,0.0752926752,1.6867634353,0.9650135135,0.6652325203,1.2839869281,0.4398847351
2.013090000000 ,9.4266165414,0.1192659292,0.0639306466,0.0431403397,1.0537238638,0.4471265766,0.7199951220,1.0678366013,0.4457706973
2.023410000000 ,5.9028721805,0.1281203540,0.0495067206,0.0309914013,0.9634439260,0.6513693694,0.6615512195,1.0746928105,0.7456326423
2.033740000000 ,3.8445639098,0.2071584071,0.0589322272,0.0284116773,0.5703317781,0.6442882883,0.5324991870,0.7175359477,0.7585637902
2.044060000000 ,5.0311578947,0.2245216814,0.0606474224,0.0266384289,0.3845714533,0.4767747748,0.6230959350,1.1861176471,0.5907831880
2.054380000000 ,6.5073308271,0.1762707965,0.0284017747,0.0249713376,0.4661301192,0.4209981982,0.5871146341,1.4710915033,0.6597295876
2.064710000000 ,6.6079022556,0.2016464602,0.0353668800,0.0243819533,0.5457914291,0.3439112613,0.3905170732,1.1362810458,0.5387715300
2.075030000000 ,5.2088796992,0.2625774336,0.0346519791,0.1888057325,0.3754726110,0.5615045045,0.3132756098,1.4662156863,0.3504886707
2.085350000000 ,4.2410676692,0.2337039823,0.0379384736,0.6929522293,0.1983221013,0.4793558559,0.4400739837,1.4260849673,0.2530788447
2.095680000000 ,4.5667443609,0.4665442478,0.0536648752,0.7381878981,0.2594228443,0.7565090090,0.5469886179,2.2034640523,0.1461828900
2.106000000000 ,2.8335789474,0.7341548673,0.0530407814,0.4228099788,0.3173682392,0.8452837838,0.4460138211,2.1892941176,0.1482574396
2.116320000000 ,2.7598872180,0.6750707965,0.1530844952,0.3726794055,0.2949516157,0.8084504505,0.2929682927,0.9243986928,0.1482876802
2.126650000000 ,5.2674436090,0.6935619469,0.2132994669,0.3521560510,0.2672109902,1.4457747748,0.3895463415,1.2122156863,0.1204457203
2.136970000000 ,5.1354736842,0.6935752212,0.3621074204,0.5785031847,0.3134447900,1.5327162162,0.3799487805,1.8162287582,0.1149794013
2.147290000000 ,3.8286015038,0.5915442478,0.5572084201,0.7594511677,0.3256851564,1.2154414414,0.3399219512,1.9295424837,0.1500501819
2.157620000000 ,3.6805187970,0.5391283186,0.6335648022,0.7892622081,0.3013383446,1.0075720721,0.5637105691,1.2050326797,0.1741727659
2.167940000000 ,5.8936390977,0.7428008850,0.5284739407,0.6211284501,0.4768437878,1.0972387387,0.6027154472,0.5475392157,0.7037778849
2.178260000000 ,7.8997744361,1.4631592920,0.3626034252,0.6211698514,0.5076455849,1.4247252252,0.3535788618,1.0353333333,0.8795612920
2.188590000000 ,7.7887218045,2.1612920354,0.9312243140,0.7709861996,0.4250319682,1.5739549550,0.3435601626,1.1240718954,1.0148639173
2.198910000000 ,5.9322481203,1.9556017699,1.2212071992,0.6866825902,0.5654803871,1.4893873874,0.6277682927,0.7856339869,1.4580838848
2.209240000000 ,2.8066766917,2.0211858407,1.0025977565,0.5791454352,0.6158907897,1.3642927928,0.8129650407,0.8036928105,1.6931980541
2.219560000000 ,1.8603984962,2.9174646018,0.5928717037,0.4764787686,0.4601192328,1.2190450450,1.1678130081,1.3696993464,1.9165008546
2.229880000000 ,1.8982180451,3.8153982301,0.3967176480,0.5085063694,0.2831804044,0.6968243243,2.3140081301,1.7517124183,1.9665446816
2.240210000000 ,2.3931804511,3.2677566372,0.3749174234,0.5465870488,0.3328062900,0.7921621622,2.6418455285,2.2446535948,3.4914756541
2.250530000000 ,2.7282255639,2.5999469027,0.2041991432,0.5451571125,0.2706903404,0.6841936937,2.4306422764,3.5035751634,3.9171889381
2.260850000000 ,3.3923984962,3.8956902655,0.3490597713,0.5288450106,0.3138370486,0.5657522523,2.1453739837,4.9576666667,2.6399833458
2.271180000000 ,3.7640225564,4.5392035398,0.3824185408,0.8802643312,0.4385052704,0.4542702703,2.2207723577,5.6872549020,3.5878073366
2.281500000000 ,2.7712255639,3.3676725664,0.3839839534,1.3973991507,0.4794150683,0.3346265766,2.2580813008,5.6265424837,4.7138975325
2.291820000000 ,2.0867293233,1.5300530973,0.3207733313,1.3598726115,0.4075807845,0.3422639640,2.2731788618,4.4305424837,3.4941929263
2.302150000000 ,1.8336240602,1.4438849558,0.3762462800,1.0395138004,0.3371747019,0.3783891892,1.9507967480,2.1582745098,2.2855108033
2.312470000000 ,2.1474586466,1.1766946903,0.7653974033,0.9234978769,0.3424036634,1.0467702703,1.8135040650,1.8157254902,4.2083534207
2.322790000000 ,3.3460225564,0.8087123894,0.8852626645,0.8268439490,0.2946742699,1.1982027027,2.7274634146,2.6518235294,4.5404742078
2.333120000000 ,3.0642255639,0.8219690265,1.3416981893,1.1665711253,0.3513754968,0.8185135135,2.3740162602,2.8901111111,3.6733356708
2.343440000000 ,2.3549473684,0.8707787611,2.2862764763,1.7666560510,0.3531000518,0.7466216216,1.7763170732,3.3231111111,3.7169873340
2.353760000000 ,5.4928045113,0.8354601770,2.3573850196,1.5378556263,0.3162890963,0.7627927928,2.5686747967,4.3117647059,3.4976114301
2.364090000000 ,8.1889473684,0.8450000000,1.9255447876,1.0537420382,0.3944504925,0.7673468468,2.7928536585,4.4709934641,3.3121795153
2.374410000000 ,7.6404511278,0.7513407080,1.5172293504,1.7598513800,0.4501918092,0.9770855856,2.0186260163,3.1037647059,4.5908971381
2.384740000000 ,6.0372706767,0.7397477876,1.2486455256,1.8780573248,0.4088085364,1.1518153153,1.2487235772,1.4318300654,5.4990577201
2.395060000000 ,4.4655563910,0.5737212389,1.4438315546,2.0787685775,0.5364774495,0.9434594595,0.9602682927,1.0344379085,4.5414384012
2.405380000000 ,4.3849849624,0.5398097345,1.6679929796,2.1618683652,0.6397969587,0.9913378378,1.1927235772,1.0980784314,2.7406319849
2.415710000000 ,5.1030977444,0.8752256637,1.8826158525,1.6890233546,0.6837221358,1.6627297297,1.9690000000,0.9880784314,2.0104702634
2.426030000000 ,5.7746691729,0.9340088496,1.4144419129,1.8131847134,0.6455097633,2.7393873874,1.9290081301,1.8049673203,3.5268659333
2.436350000000 ,5.1770000000,0.5746460177,0.7144876980,1.6799363057,0.5003585623,2.6472162162,1.4260162602,2.7320588235,4.1343734934
2.446680000000 ,2.9782857143,0.5945000000,0.8513926286,0.9763949045,0.4751434249,2.7887837838,1.7842845528,2.6081372549,2.8492790463
2.457000000000 ,2.3428872180,0.7456415929,0.8355619025,0.7601772824,0.6356817004,4.6825225225,2.0566747967,2.2005947712,2.2407853793
2.467320000000 ,3.0810827068,0.5647787611,0.9040857707,0.8353089172,0.6456505962,5.5351801802,1.7207235772,2.0654575163,2.6702677828
2.477650000000 ,4.1880300752,0.6195353982,1.0116588360,1.4609447983,1.5551408329,5.4274774775,1.2225447154,1.5500849673,2.4030985669
2.487970000000 ,4.4241503759,0.5925353982,0.6922950301,1.9499893843,3.2198289269,5.5122072072,2.5357804878,2.0146339869,1.5037318666
2.498290000000 ,5.7432631579,0.1939920354,1.7287017758,1.4377494692,3.8311128391,6.0059009009,2.8937723577,4.7223006536,0.9751457247
2.508620000000 ,8.1924812030,0.4587566372,2.3263274939,0.7335477707,2.8618195956,5.0877477477,2.3230487805,5.2183267974,1.4452469650
2.518940000000 ,6.8098872180,0.8164778761,2.1003891729,1.2222929936,1.5825125281,3.6386216216,5.1499024390,4.1658954248,2.1444164439
2.529260000000 ,8.7822556391,0.8292566372,1.7203732572,1.2799469214,2.1936754795,3.4686261261,5.9351707317,4.6827908497,2.4305123373
2.539590000000 ,10.7942105263,0.4916991150,1.3366509326,1.1180997877,2.4491273544,1.4693063063,5.3106910569,4.8436405229,2.0836196695
2.549910000000 ,12.8718045113,0.8119557522,1.3973924324,0.9735286624,1.7344306204,2.3309189189,4.8934959350,7.4233986928,1.9526581058
2.560240000000 ,14.8809022556,0.9451725664,1.5245876620,1.0223619958,1.3963020563,7.0993693694,3.7086097561,11.0001307190,1.6986567033
2.570560000000 ,11.9478195489,0.6613495575,1.2336018663,2.1278131635,2.8218161396,8.0829279279,3.5354878049,13.1916993464,0.7363194110
2.580880000000 ,15.0296240602,0.6500398230,0.8791558109,2.0097346072,3.5749438396,4.0030675676,4.8812845528,14.7132026144,0.3907853793
2.591210000000 ,13.3304511278,0.9915929204,0.6419227541,0.9586868365,3.1744081562,1.1852612613,5.5036178862,13.8369934641,0.2772187404
2.601530000000 ,9.4394736842,0.9556150442,0.5948688040,1.2769532909,2.3284344220,0.8350000000,4.4904065041,9.1157516340,0.2134643029
2.611850000000 ,7.5233834586,0.7108761062,0.7560768753,1.4804458599,1.7048989114,0.9993648649,2.9469593496,6.9058169935,0.2083012666
2.622180000000 ,5.9654887218,1.0164380531,0.6968735352,1.1476857749,1.4841973389,0.8837072072,2.1880731707,7.9798692810,0.2383047728
2.632500000000 ,5.1289774436,0.9884159292,0.5320811486,0.5655276008,1.4228615863,0.7217702703,3.7680243902,6.8271241830,0.2753451374
2.642820000000 ,2.3806090226,0.6870619469,0.4618752248,0.6264511677,1.5956626922,0.8079819820,4.6259186992,7.3928104575,0.2629815488
2.653150000000 ,2.5379473684,0.6605663717,0.4058266927,0.6771422505,1.6483324693,0.9042702703,4.0402113821,6.5084575163,0.1670649077
2.663470000000 ,1.6077593985,0.5530973451,0.3298496724,0.5806900212,1.7400293762,1.0654549550,3.0897804878,4.7835686275,0.3145856160
2.673790000000 ,1.0785338346,0.4285805310,0.4103615929,0.4954745223,1.5481423881,0.8333468468,3.9241626016,7.1713725490,0.3935026515
2.684120000000 ,1.1774736842,0.4284278761,0.7788113329,0.6177781316,0.6712303439,0.7056531532,4.8672682927,12.2622875817,0.4943112591
2.694440000000 ,0.9988721805,0.9444424779,1.3833952885,0.6161061571,1.3427596337,0.8607432432,3.8995040650,21.1182352941,0.4847525967
2.704760000000 ,7.0204812030,1.6167964602,1.4757938801,0.5358057325,1.3796008294,0.9185405405,2.5141707317,21.0009150327,0.4520050839
2.715090000000 ,16.8083458647,1.6734734513,1.3972834204,0.4940318471,1.4468118196,1.2295000000,4.5320650407,17.7852941176,0.5788688259
2.725410000000 ,20.0260150376,1.4782876106,1.5141443101,0.4912781316,1.5689994816,1.2260495495,4.5058780488,18.6905882353,0.9889139677
2.735740000000 ,16.2358646617,1.2452876106,1.1991976715,0.4233057325,1.7036029031,0.7464639640,2.5606097561,12.9858823529,0.8929723452
2.746060000000 ,11.5123308271,0.8722389381,0.8288663840,0.5827717622,2.1565578020,0.8022432432,2.5672276423,9.1354248366,0.1055090503
2.756380000000 ,10.7123308271,0.8633849558,0.6019633066,0.6641921444,1.9533264213,1.5287207207,2.8572926829,8.1277124183,0.1455686550
2.766710000000 ,8.2455639098,0.8475929204,0.4210905563,0.6003195329,1.8083549335,3.7638153153,2.9973658537,3.4219281046,0.2211881492
2.777030000000 ,9.8108270677,0.6957566372,0.4606815432,0.4540265393,2.0943062036,5.7238288288,3.0759024390,2.5289150327,0.2450716571
2.787350000000 ,15.6045864662,0.6127699115,0.2654835228,0.4896889597,2.3706583722,5.8144594595,3.5594471545,3.4490261438,0.2374041285
2.797680000000 ,19.3578947368,0.5784823009,0.2053950051,0.5789033970,2.6490582340,3.7717162162,3.0016829268,3.1145359477,0.1873986501
2.808000000000 ,15.3893233083,0.4647920354,0.3021878713,0.4521390658,2.4665284258,1.2895675676,1.3954715447,1.8897777778,0.2469956611
2.818320000000 ,8.7515037594,0.3103800885,0.3794555940,0.3708577495,1.9293070676,1.0044594595,1.7942520325,1.8230130719,0.3332361835
2.828650000000 ,8.5466165414,0.2492756637,0.2680289536,0.5204002123,2.4281752203,1.3844324324,1.9206504065,2.3348431373,0.3600670553
2.838970000000 ,14.5055639098,0.2801380531,0.2491415303,0.4556910828,2.2496284776,1.2864054054,1.8601951220,3.1611437908,0.2856729631
2.849290000000 ,17.1120300752,0.3128752212,0.4865468261,0.1878895966,1.9256177640,1.2256036036,2.4699349593,2.7971503268,0.1619588465
2.859620000000 ,11.0326315789,0.3053535398,0.4554173525,0.2772494692,2.0358562295,1.8737837838,2.5869674797,2.5826732026,0.1949579261
2.869940000000 ,5.4814360902,0.3496203540,0.2056348315,0.3794596603,1.4831086919,1.7444729730,3.7068455285,3.0039150327,0.2785839506
2.880260000000 ,4.2605338346,0.3642977876,0.2773342200,0.5003895966,1.7250561604,1.4912072072,4.1586260163,4.9601307190,0.3154336679
2.890590000000 ,2.1644135338,0.3112323009,0.3078488657,0.5080711253,1.8373077588,1.4105315315,2.9593739837,9.5237254902,0.4128106237
2.900910000000 ,1.6058796992,0.3841022124,0.1993775413,0.4740817410,1.8925695524,2.3405180180,1.6454796748,9.2739869281,0.5315576106
2.911240000000 ,2.0987142857,0.4798230088,0.1989883684,0.3873524416,1.6093226197,2.7718693694,1.9218211382,4.3337189542,0.6314677653
2.921560000000 ,4.4192406015,0.4412566372,0.2494783775,0.2591178344,1.7452825298,3.2595540541,2.2834065041,2.2837254902,0.5478393303
2.931880000000 ,6.3795563910,0.4841548673,0.2556168445,0.3023641189,2.0477190254,3.0434594595,1.9345528455,1.4906993464,0.2816102029
2.942210000000 ,6.5597819549,0.5461283186,0.3132166178,0.4083110403,1.7150941766,2.0950405405,1.6394634146,0.6876274510,0.6578735154
2.952530000000 ,6.3940225564,0.4885088496,0.2638210895,0.3531443737,2.0409797823,1.4466486486,1.5217154472,0.9161764706,0.9959679187
2.962850000000 ,4.4363759398,0.4812123894,0.1179749926,0.2532547771,1.9683514774,1.1226981982,1.6229674797,1.4943594771,0.9067449709
2.973180000000 ,3.0471954887,0.4088920354,0.0661094699,0.3091380042,1.4118282357,1.2050450450,1.3039756098,2.4045228758,0.5478722006
2.983500000000 ,3.1816015038,0.3788048673,0.0592416033,0.2102569002,1.6277777778,1.1343243243,1.3558130081,3.1346732026,0.6548954727
2.993820000000 ,2.2236165414,0.6565132743,0.1035508487,0.0823591295,1.3998703992,0.7355630631,2.6469512195,2.7609673203,0.6434544419
3.004150000000 ,2.5109699248,1.3820044248,0.1139001232,0.0595348195,1.3942889234,0.5547342342,3.1991138211,1.5687908497,0.4171166236
3.014470000000 ,2.4062932331,1.3788982301,0.1269837463,0.1000138004,1.5873336789,0.6381216216,2.5158130081,1.0014640523,0.4539071745
3.024790000000 ,2.6482105263,1.1564292035,0.1840537211,0.1390753715,1.0513824088,0.6211306306,2.8216016260,1.0746339869,0.4919555595
3.035120000000 ,2.7023533835,1.0383008850,0.1713625413,0.1039019108,1.3071885260,0.5827837838,2.8971788618,1.6157058824,0.6299623088
3.045440000000 ,1.7332406015,0.8295176991,0.0946087013,0.0442326964,1.3908329013,0.6919684685,1.6106585366,1.8067777778,0.8496471929
3.055760000000 ,1.5427894737,0.8273451327,0.0953109568,0.0632372611,1.1270001728,0.5963333333,0.9348617886,1.8258496732,0.8491497568
3.066090000000 ,1.3730751880,0.3382884956,0.2060905018,0.0907981953,1.2567910835,0.6386396396,0.9703739837,1.5589346405,0.6022176447
3.076410000000 ,1.0238496241,0.3983862832,0.2820588011,0.1117091295,1.0526006566,0.6539954955,1.4737886179,1.2229346405,0.5068939826
3.086740000000 ,1.0542631579,0.3898367257,0.3329183609,0.1597611465,0.7717867634,0.4233837838,1.7817642276,2.0306143791,0.4310316869
3.097060000000 ,0.7226052632,0.3316491150,0.3288674741,0.1895403397,1.2926559530,0.4315752252,1.9921382114,2.0103790850,0.6502498137
3.107380000000 ,0.7687819549,0.4045889381,0.2501934963,0.2034225053,1.3505961638,0.8100135135,1.7579674797,1.2498039216,1.5187973879
3.117710000000 ,2.0800300752,0.6338230088,0.1711521481,0.1588619958,1.3282097805,2.3161126126,0.9901138211,1.1076143791,1.4696629706
3.128030000000 ,21.9381954887,1.7297256637,0.1043330099,0.0513309979,1.0165802661,4.0973558559,0.9050650407,1.5819215686,0.7137419468
3.138350000000 ,65.9612781955,5.5547787611,0.0919817296,0.0423479830,1.1722740626,3.6365720721,1.0362195122,1.6042352941,1.0484441425
3.148680000000 ,86.3962406015,8.2741592920,0.0845412229,0.0310886412,1.3466303784,1.6483513514,0.8677804878,1.0825751634,1.3554235877
3.159000000000 ,64.5087969925,7.0109734513,0.0786590431,0.0345877919,0.8400527043,1.1747972973,1.0998699187,0.9007581699,1.9635271946
3.169320000000 ,40.0312030075,5.0631858407,0.1355433704,0.0645899151,0.9846811820,0.5758288288,1.0816585366,0.8325816993,2.9205197879
3.179650000000 ,38.9183458647,4.7989380531,0.1863320724,0.0787424628,1.0031277000,0.6338018018,0.6385146341,1.0324313725,2.6649866328
3.189970000000 ,22.9451879699,2.8114469027,0.2068394144,0.0620058386,0.6243831001,0.6836711712,0.5744308943,1.0201241830,2.0593351448
3.200290000000 ,18.7015037594,2.9943761062,0.1621673771,0.0494418259,1.0513737688,1.1232612613,0.4308414634,0.7253333333,1.8771025989
3.210620000000 ,10.7641353383,2.5521946903,0.1558741129,0.1209490446,0.8494841887,1.1627252252,0.7209138211,0.9324313725,2.8233773064
3.220940000000 ,6.1055789474,2.4506415929,0.1630710867,0.1952484076,0.2583653015,0.5582477477,0.9423983740,0.9412875817,3.7466143665
3.231260000000 ,7.7598496241,2.1120221239,0.2451778531,0.5107579618,0.5913262485,0.4192846847,1.0927154472,0.8389411765,3.8692203182
3.241590000000 ,6.4352857143,0.7973274336,0.3872314216,0.9310838641,0.8427484016,0.4121283784,1.2722764228,0.7990849673,4.3337423851
3.251910000000 ,3.5976015038,0.7545663717,0.3209422999,0.9977186837,0.6672230862,0.9171036036,1.1941138211,0.9896078431,3.6844677214
3.262240000000 ,3.1291654135,1.6591769912,0.1190901856,0.8035414013,0.7039277691,1.5807387387,0.9392195122,1.7673790850,1.8931805233
3.272560000000 ,1.4737669173,1.7998008850,0.1202326317,0.5783152866,1.2243131156,1.5207342342,0.7395577236,3.4512156863,2.2572643205
3.282880000000 ,1.2184210526,1.8510000000,0.2773680137,0.4637537155,1.0442025229,0.9152297297,4.9294146341,7.6711764706,5.8585046237
3.293210000000 ,0.6379368421,1.6595663717,0.3358540547,0.4297707006,0.4577492656,0.8331081081,14.4322764228,8.2931372549,6.3811631678
3.303530000000 ,0.5156210526,1.1227743363,0.2641328639,0.1835732484,0.4434525661,0.6140495495,16.9971544715,5.1697516340,4.2140290135
3.313850000000 ,0.4604541353,1.1857079646,0.4311992413,0.1603832272,0.8574529117,0.5771396396,13.4322764228,2.8798235294,2.9949160714
3.324180000000 ,0.6210022556,1.2182212389,0.4433649832,0.1429055202,0.8616485226,0.4736171171,10.5665040650,3.6725555556,2.4407678485
3.334500000000 ,2.0962706767,1.1252964602,0.3132580424,0.1320615711,0.5892932435,0.3485351351,11.0286178862,4.6539607843,2.3485997283
3.344820000000 ,2.6360375940,1.3915221239,0.2481658727,0.1299267516,0.4487152238,0.2288797297,9.8252845528,5.5874705882,1.4967064031
3.355150000000 ,1.8963834586,2.1490132743,0.0711674098,0.1366008493,0.8840936582,0.3548855856,7.3639756098,5.7406274510,1.0881141254
3.365470000000 ,1.1188646617,2.2255973451,0.0949806504,0.1850403397,1.0255918438,0.5181756757,6.9125365854,5.0729673203,0.9328417408
3.375790000000 ,0.5987413534,1.9128539823,0.1398438948,0.1833163482,0.9121651979,0.7300225225,2.6816666667,4.3083921569,1.1145352150
3.386120000000 ,0.7845789474,2.3056504425,0.1360426455,0.1778492569,0.8760497667,0.6969414414,1.7988536585,4.6510784314,1.1518801771
3.396440000000 ,0.9015864662,2.5882743363,0.2631005200,0.1881709130,0.9290824261,0.6013198198,1.8960731707,4.4991960784,2.5231625542
3.406760000000 ,0.7430639098,1.7618097345,1.2410037827,0.1578949045,1.4716778987,0.5817297297,1.9138292683,2.8037908497,3.5744401104
3.417090000000 ,0.5178518797,0.8716106195,2.1602694777,0.2271825902,2.1467945395,0.6765360360,1.1087642276,3.1301437908,3.4050926940
3.427410000000 ,0.8628646617,0.8271814159,2.0370749894,0.2727473461,1.6341195784,0.7167882883,0.9670894309,3.1046732026,2.4211771924
3.437740000000 ,0.8782105263,0.8813097345,1.3528937242,0.2270605096,1.4837826162,0.7520360360,0.6669439024,3.0439673203,1.6378577377
3.448060000000 ,0.6210120301,0.9238141593,0.9512160291,1.6607324841,1.7843442198,0.7415675676,0.8918292683,2.6594183007,1.4082000263
3.458380000000 ,0.5247067669,0.9319424779,0.7486324442,2.6397133758,1.1785294626,0.3280594595,0.7933040650,1.8804967320,0.5989306219
3.468710000000 ,0.4824586466,0.9203230088,0.7382032638,2.1671443737,1.1110679108,0.3725923423,0.6340764228,1.3600915033,1.0694438357
3.479030000000 ,0.4279631579,0.7881946903,0.2800268170,1.0120084926,1.5714618974,0.8287477477,0.8114040650,1.6421503268,1.4885984135
3.489350000000 ,0.2919451128,0.7510840708,0.5280433432,0.8139554140,1.2066960429,0.8107747748,0.7359715447,1.8084509804,1.3186571416
3.499680000000 ,0.3070120301,0.5941592920,2.3265237156,0.7947484076,1.3217210990,0.7269099099,0.5610951220,1.4951568627,0.9235986326
3.510000000000 ,0.3896842105,0.3137349558,2.8143307207,0.8004203822,1.5340936582,0.9373198198,0.7377471545,1.0044117647,0.5266205023
3.520320000000 ,0.4313473684,0.3603517699,2.0353744018,2.0692356688,1.1627786418,0.7328513514,0.8804552846,1.1153071895,0.6259039313
3.530650000000 ,0.3091857143,0.4026393805,1.5608232588,2.7310615711,0.6465906342,0.4110207207,1.0752764228,1.6258823529,0.7594425209
3.540970000000 ,0.2578338346,0.3742681416,2.7624627996,2.0655838641,0.6453957145,0.3087572072,1.1591382114,1.9533464052,0.4737038173
3.551290000000 ,0.6201932331,0.3267668142,2.7088288838,1.1838641189,0.6169016762,0.3708463964,1.0174146341,1.5537254902,0.1702401718
3.561620000000 ,0.7730601504,0.3861938053,1.9264168838,1.1043949045,0.6895178849,0.3275626126,1.6323089431,1.9304575163,0.1898365254
3.571940000000 ,0.7941954887,0.4083615044,2.0149673509,1.3721974522,0.6156350441,0.1991945946,2.1751626016,2.4435947712,0.1930593417
3.582260000000 ,0.7410676692,0.3398628319,1.0529133463,1.0893099788,0.4029341628,0.1514657658,2.3279837398,2.5013529412,0.2211530876
3.592590000000 ,0.8319699248,0.2441672566,0.1933906010,0.3823481953,0.3301719371,0.1356527027,2.1115609756,2.1529477124,0.2658894684
3.602910000000 ,0.9572857143,0.3042615044,0.0843251611,0.2479543524,0.3097088301,0.1701234234,1.4385203252,1.3129281046,0.7874939738
3.613240000000 ,0.8479248120,0.4876946903,0.0660278199,0.1414798301,0.2713901849,0.1620238739,0.9440162602,1.6702091503,1.3838125082
3.623560000000 ,0.7154518797,0.6895088496,0.0667413036,0.0892218684,0.3150864006,0.3890036036,0.9038861789,1.9804705882,1.4650808608
3.633880000000 ,0.9304436090,0.6404778761,0.0681022097,0.0625143312,0.4460247106,0.4888423423,0.7435951220,1.6478039216,1.1363982995
3.644210000000 ,0.9215639098,0.5921592920,0.0539815552,0.0811955414,0.3476317608,0.3466301802,0.7517837398,1.6634901961,0.8186330368
3.654530000000 ,1.1063308271,0.6736194690,0.0720216280,0.0707824841,0.2232884050,0.3024540541,0.9046504065,1.3068562092,0.5154358592
3.664850000000 ,1.0922030075,0.5640752212,0.0676844756,0.0587200637,0.1529419388,0.2769436937,1.1029430894,1.0075424837,0.4898869264
3.675180000000 ,0.6750263158,1.0507168142,0.0611352512,0.0574329087,0.1508424054,0.2092729730,1.4568861789,1.7650261438,0.4496296621
3.685500000000 ,2.3867218045,1.4243451327,0.0526288250,0.0307538217,0.2414040090,0.2569261261,1.4585203252,2.0086405229,0.4057040803
3.695820000000 ,5.4764060150,1.7421371681,0.0479838226,0.0331196391,0.2620468291,0.4303400901,0.9715203252,1.6370522876,0.6435464785
3.706150000000 ,6.0617293233,1.7367654867,0.0515296567,0.0522315287,0.2105270434,0.6969234234,0.7909479675,1.1876601307,0.6381031687
3.716470000000 ,5.4134436090,1.3565752212,0.0389946911,0.0593375796,0.2793528599,0.6802387387,0.7218934959,0.9280457516,0.5640377788
3.726790000000 ,6.0108571429,0.8807389381,0.0524445946,0.0759432059,0.2902168654,0.8528918919,0.8681869919,0.9000261438,0.4600473331
3.737120000000 ,5.1309097744,0.7298716814,0.0576929785,0.0936235669,0.1993355797,1.0709594595,0.9275934959,0.7111699346,0.1872737433
3.747440000000 ,2.6809398496,0.5141017699,0.0442444922,0.1466104034,0.1635683428,0.9732837838,0.7682829268,0.6209104575,0.6928430556
3.757760000000 ,4.8411503759,0.5573893805,0.0493440747,0.6263683652,0.1773561431,0.7117702703,0.7654186992,0.5864830065,1.1382280756
3.768090000000 ,4.7213308271,0.4130561947,0.0677123827,0.9573545648,0.2416874028,0.3787085586,0.4997203252,0.4795973856,1.1575470044
3.778410000000 ,3.3547142857,0.2657008850,0.1415564737,1.1194055202,0.2013763608,0.3009126126,0.5080040650,0.7232875817,1.1015755796
3.788740000000 ,2.5606842105,0.1726141593,0.1752499101,0.8597653928,0.1829825471,0.2350873874,0.5083609756,0.6504176471,1.2880768725
3.799060000000 ,0.9725263158,0.2849823009,0.2220662139,0.4228343949,0.1687463280,0.1965211712,0.4260325203,0.3488150327,1.1166871193
3.809380000000 ,0.9689097744,0.5608584071,0.5722084746,0.6267133758,0.1837566960,0.1061720721,0.4273544715,0.4418228758,1.5310229215
3.819710000000 ,0.7250639098,0.8882345133,0.8648174594,0.6252622081,0.2120563332,0.1234653153,0.5432235772,0.5207143791,1.7353683657
3.830030000000 ,0.6539090226,0.9954115044,0.8190694734,0.7035573248,0.2205529635,0.1125545045,0.7276682927,0.5922000000,1.1807906386
3.840350000000 ,0.5135992481,0.8354247788,0.4820271876,0.6623227176,0.1699939520,0.0936144144,0.6322089431,0.5607372549,1.0870841916
3.850680000000 ,0.7016383459,0.6078230088,0.1933033914,0.3796698514,0.1002358735,0.0867747748,0.3309747967,0.5953627451,2.2383091555
3.861000000000 ,0.7069902256,0.4175323009,0.2591139503,0.3402940552,0.1881078279,0.0719797297,0.3823951220,0.6901241830,3.1701143884
3.871320000000 ,0.6403699248,0.3450911504,0.2860606325,0.2808874735,0.1889208571,0.1062459459,0.4430471545,0.5318823529,2.9177586887
3.881650000000 ,0.6441330827,0.3404641593,0.1987518123,0.5060169851,0.0896189736,0.1268396396,0.7131731707,0.6132235294,2.0988363939
3.891970000000 ,0.9776390977,0.2264703540,0.0853690602,0.7748014862,0.0902946259,0.1490698198,0.8804308943,0.6626013072,1.5603322084
3.902290000000 ,1.3230827068,0.3171707965,0.2233972507,0.6660498938,0.0856137031,0.1430918919,0.9210325203,1.1522483660,2.0487180611
3.912620000000 ,1.4940676692,0.5159336283,0.2943346451,0.4609893843,0.0700826853,0.1100527027,1.5406666667,1.8618496732,3.3956479818
3.922940000000 ,1.4697142857,0.6829247788,0.4709079611,0.3981231423,0.0798346293,0.1234355856,1.8660650407,1.8798496732,3.2475347329
3.933260000000 ,1.2167142857,0.7204601770,0.4937470703,0.1870647558,0.1041066183,0.1373558559,1.4041544715,1.6291568627,1.6151071569
3.943590000000 ,1.2724887218,0.8142212389,0.2705285993,0.1289585987,0.1183678936,0.1301941441,1.0122926829,1.2340196078,0.4881272735
3.953910000000 ,1.1181278195,1.5785442478,0.1432799538,0.2750276008,0.0881760843,0.1055319820,0.8878861789,0.6828431373,0.4672261910
3.964240000000 ,0.7100112782,1.7795840708,0.1148387167,0.2992866242,0.0907300847,0.0940603604,0.4733333333,0.5906960784,0.7829337774
3.974560000000 ,0.8621203008,1.7921769912,0.0841846446,0.3345222930,0.1061206152,0.1110986486,0.4794520325,0.3972026144,0.8394639961
3.984880000000 ,0.6821000000,2.1158053097,0.1491851351,0.3059214437,0.1132633489,0.1218139640,0.4174162602,0.6369699346,0.9711136433
3.995210000000 ,0.8421278195,1.8645707965,0.3043136058,0.1458195329,0.1147589425,0.1310968468,0.1313552846,0.7557777778,1.0004689486
4.005530000000 ,0.9564962406,1.1507522124,0.4439852616,0.1184267516,0.0861226024,0.1612689189,0.0867455285,0.6329516340,0.8029802340
4.015850000000 ,1.2995789474,1.0333495575,0.4056751660,0.1475923567,0.0953438742,0.1810126126,0.3029560976,0.4525235294,0.6164460709
4.026180000000 ,1.3331127820,0.5468672566,0.2574635082,0.2193195329,0.1184076378,0.1571918919,0.3214300813,0.3704614379,0.1509245300
4.036500000000 ,1.0347067669,0.7550840708,0.1924923419,0.1973333333,0.1424848799,0.1966274775,0.2022926829,0.2060823529,0.3361506771
4.046820000000 ,1.2580977444,1.2215176991,0.1610053089,0.1472622081,0.1597693105,0.2185711712,0.2208219512,0.1715307190,0.7916947890
4.057150000000 ,1.2306766917,1.4763849558,0.1791612615,0.1182802548,0.2302436496,0.1791518018,0.2209520325,0.2848849673,0.8251413420
4.067470000000 ,1.3068947368,2.1204336283,0.2240415118,0.0669674098,0.2968964921,0.2221094595,0.2785390244,0.4107986928,1.2602664680
4.077790000000 ,2.0153308271,1.9576017699,0.3991257236,0.1211316348,0.3306125799,0.2222180180,0.3966024390,0.4800372549,1.4414384012
4.088120000000 ,2.2815939850,1.3033318584,0.3929218493,0.4072208068,0.3636124071,0.1894522523,0.4000317073,0.3673346405,0.8566134899
4.098440000000 ,1.5265413534,1.9378938053,0.5991017409,0.4864522293,0.3327950579,0.2223274775,0.3840878049,0.2963542484,0.5167550511
4.108760000000 ,0.8474812030,1.6430973451,0.8012285655,0.5081295117,0.2874710558,0.2310328829,0.3991764228,0.3488915033,0.7817219617
4.119090000000 ,0.9706165414,0.9929247788,0.5889647128,0.5193301486,0.2210437187,0.2793184685,0.3156186992,0.3527856209,0.9200815182
4.129410000000 ,1.8900827068,1.2827345133,0.4976333490,0.3151613588,0.1851183688,0.2713653153,0.3331235772,0.3415921569,0.7015229872
4.139740000000 ,2.2123458647,1.7797743363,0.8101762724,0.0869502123,0.1607732849,0.2521360360,0.2960804878,0.3571516340,0.5262435903
4.150060000000 ,1.3206390977,2.5199513274,0.8867833822,0.1568885350,0.1551762571,0.2969162162,0.3943959350,0.3917660131,0.6655432353
4.160380000000 ,0.9201729323,2.7879955752,1.0238888949,0.7475711253,0.1678996026,0.2277648649,0.6461536585,0.3292117647,0.7633562694
4.170710000000 ,1.6263984962,2.4437433628,0.9337152388,0.7852558386,0.1911793675,0.2898378378,0.5559430894,0.2934339869,0.8260529430
4.181030000000 ,1.8949624060,2.0631415929,0.4378642364,0.5738641189,0.1795446691,0.2962081081,0.3883219512,0.2945856209,0.7018560722
4.191350000000 ,1.5206766917,1.4644513274,0.5549747637,0.6688290870,0.3104674270,0.2857995495,0.4588788618,0.3400444444,0.5036179165
4.201680000000 ,1.4543308271,1.2534690265,0.9538366782,0.6073333333,0.3512821842,0.2226981982,0.4766487805,0.4628045752,0.5029079195
4.212000000000 ,1.5621127820,0.9061769912,0.9545125527,0.6616369427,0.3002928979,0.2301009009,0.6868593496,0.6585294118,0.7091664110
4.222320000000 ,1.1072030075,0.4102212389,0.9387766671,0.7560785563,0.3344504925,0.3824261261,0.8384471545,0.6074287582,0.7136323794
4.232650000000 ,0.8210300752,0.1848592920,1.6870373802,0.5937823779,0.2872308623,0.4659369369,0.6801195122,0.4101294118,0.6722005522
4.242970000000 ,1.0778796992,0.1035296460,1.6835271930,0.3944447983,0.3473630551,0.6486216216,0.4848479675,0.4219627451,0.7224065390
4.253290000000 ,1.0935338346,0.1163300885,0.8859483501,0.7111868365,0.3518429238,0.7027252252,0.4956325203,0.4406712418,0.7474405049
4.263620000000 ,0.6126180451,0.0981769912,0.6592992707,0.8389872611,0.2174434076,0.5943288288,0.5587341463,0.3931627451,1.1302406101
4.273940000000 ,0.5605894737,0.1238513274,0.5327755551,0.7064808917,0.3039044410,0.5646486486,0.6813203252,0.3644895425,1.1740390937
4.284260000000 ,0.4409578947,0.1588650442,0.3605409177,0.5283598726,0.4807620529,2.2661081081,0.9911300813,0.5658712418,0.9528312223
4.294590000000 ,0.3640548872,0.1448716814,0.3977870559,0.4939203822,0.4307387247,2.5886261261,0.8920894309,0.5620019608,1.2144848140
4.304910000000 ,0.7194496241,0.1588513274,0.3167551481,0.5725138004,0.2649498877,1.6059774775,0.3335081301,0.3897784314,1.3738615944
4.315240000000 ,0.8624511278,0.1874199115,0.2073550413,0.5128099788,0.3073086228,1.2799459459,0.2513268293,1.1597973856,1.5875158873
4.325560000000 ,1.6935187970,0.1642349558,0.1844646965,0.4276178344,0.2595930534,2.9056666667,0.4582699187,1.4542026144,1.5557829688
4.335880000000 ,2.1975413534,0.1343371681,0.2373442491,0.3993025478,0.1955322274,4.3512927928,0.5804447154,1.0203529412,1.5851207433
4.346210000000 ,2.5051729323,0.1705907080,0.4450666609,0.3091220807,0.2078909625,3.9462837838,0.4550008130,0.9818823529,1.9335166762
4.356530000000 ,2.1137293233,0.1543849558,0.4117831097,0.3659309979,0.2226818732,2.7629954955,0.3069813008,0.9747843137,1.6410483411
4.366850000000 ,1.3700601504,0.2172420354,0.2624998637,0.3838885350,0.1835648868,1.6932252252,0.3232292683,0.4969019608,1.1138690450
4.377180000000 ,2.1103609023,0.3255066372,0.6014051650,0.2776677282,0.1664454813,1.3964639640,0.3705837398,1.5262745098,0.9360389184
4.387500000000 ,2.8249473684,0.3386840708,0.8431066247,0.2526475584,0.1891852428,0.9768153153,0.4823747967,2.1195359477,0.8815576106
4.397820000000 ,3.3038947368,0.2978508850,0.6980650366,0.2400796178,0.1324027994,1.0364639640,0.4839081301,1.8335751634,0.9481066748
4.408150000000 ,4.7862932331,0.2156969027,0.6168085640,0.2230382166,0.0781653707,0.6043243243,0.4310463415,2.7429411765,0.6742801420
4.418470000000 ,5.1760375940,0.2347955752,0.6813382316,0.3034915074,0.0904484189,0.3988837838,0.3911544715,3.4804575163,0.1827308586
4.428790000000 ,4.6060526316,0.5260221239,0.4410866319,0.4465116773,0.1643010195,0.4279770270,0.3316227642,3.3473267974,0.1169424114
4.439120000000 ,4.4976616541,0.5541814159,0.2245244350,0.5129320594,0.2163703128,0.3623378378,0.4271495935,2.9998104575,0.0583168252
4.449440000000 ,4.1350300752,0.5343362832,0.4429627288,0.4460583864,0.2801848972,0.2240450450,0.6156195122,2.2524379085,0.0700856817
4.459760000000 ,4.5261353383,0.5162035398,0.6156475859,0.2725212314,0.2610238466,0.2364707207,0.5304886179,1.6028496732,0.0697493097
4.470090000000 ,4.6993909774,0.3876544248,0.5370281142,0.3007420382,0.1219552445,0.4374873874,0.2575162602,1.6646862745,0.0561798221
,0.0000000000,0.0000000000,0.2916115248,0.3485509554,0.0000000000,0.0000000000,0.3249528455,3.3456339869,0.0362793093
,0.0000000000,0.0000000000,0.0624483010,0.3257983015,0.0000000000,0.0000000000,0.4532113821,4.0342745098,0.0374959460
,0.0000000000,0.0000000000,0.0769520238,0.2992537155,0.0000000000,0.0000000000,0.5880040650,2.7336666667,0.1774185914
,0.0000000000,0.0000000000,0.0595552309,0.1971210191,0.0000000000,0.0000000000,0.5083325203,1.0284575163,0.2015238638
,0.0000000000,0.0000000000,0.0323260986,0.1741050955,0.0000000000,0.0000000000,0.3183869919,1.6736143791,0.2849235219
,0.0000000000,0.0000000000,0.0412064361,0.1445679406,0.0000000000,0.0000000000,0.2753756098,2.9578235294,0.4015207959
,0.0000000000,0.0000000000,0.1609050178,0.0753038217,0.0000000000,0.0000000000,0.2251536585,3.9169150327,0.3522023053
,0.0000000000,0.0000000000,0.6141944556,0.1212176221,0.0000000000,0.0000000000,0.2594471545,3.6308627451,0.1984540036
,0.0000000000,0.0000000000,0.6820064753,0.4346178344,0.0000000000,0.0000000000,0.2607829268,2.6544444444,0.1681193847
,0.0000000000,0.0000000000,0.6455299620,0.6460859873,0.0000000000,0.0000000000,0.2681804878,2.4862679739,0.1917213043
,0.0000000000,0.0000000000,0.5658530736,0.5322133758,0.0000000000,0.0000000000,0.2882764228,1.9645620915,0.2014800368
,0.0000000000,0.0000000000,0.1436037195,0.2989872611,0.0000000000,0.0000000000,0.1841430894,1.0934248366,0.2478524784
,0.0000000000,0.0000000000,0.0946519791,0.2255063694,0.0000000000,0.0000000000,0.1310739837,1.0165620915,0.2071334970
,0.0000000000,0.0000000000,0.0852282167,0.1815966030,0.0000000000,0.0000000000,0.1781178862,1.4233790850,0.3454113161
,0.0000000000,0.0000000000,0.0871913052,0.1944925690,0.0000000000,0.0000000000,0.2326390244,1.6344640523,0.4717622825
,0.0000000000,0.0000000000,0.1628214492,0.2933895966,0.0000000000,0.0000000000,0.5593504065,1.5768235294,0.4031906035
,0.0000000000,0.0000000000,0.2667415216,0.4735498938,0.0000000000,0.0000000000,0.6290398374,1.3024640523,0.4055243897
,0.0000000000,0.0000000000,0.5007292904,0.4812420382,0.0000000000,0.0000000000,0.3719959350,0.8070849673,0.4292895648
,0.0000000000,0.0000000000,0.5078227028,0.4449660297,0.0000000000,0.0000000000,0.1944780488,0.7466601307,0.3286365429
,0.0000000000,0.0000000000,0.2427610565,0.4989246285,0.0000000000,0.0000000000,0.2242626016,0.4715241830,0.2395647982
