Time (s),RA/ES,IL/GMax,RF/BF,TAIO/MF
0.0000,1.459236,3.627081,0.516420,15.167020
0.0100,1.698902,4.485817,0.559280,16.923728
0.0200,1.783239,6.916104,0.686466,38.264270
0.0300,1.901431,6.763892,0.728537,43.500004
0.0400,1.985318,6.963304,0.764654,48.739645
0.0500,1.972098,6.562623,0.785548,49.795088
0.0600,2.942676,8.250780,1.146567,54.426864
0.0700,3.142641,9.307984,1.432409,58.944796
0.0800,3.822047,10.328864,1.502583,60.204836
0.0900,4.180922,9.349150,1.562480,61.507971
0.1000,4.213523,8.907048,1.576887,64.981998
0.1100,4.427352,8.482774,1.566271,84.690789
0.1200,4.478435,5.953190,1.494151,69.505491
0.1300,4.375782,5.987110,1.487221,52.294861
0.1400,4.746239,5.846230,1.475909,29.958388
0.1500,5.717916,6.451148,1.527925,16.173810
0.1600,6.747555,6.541258,1.588238,8.465672
0.1700,6.953977,6.374151,1.515932,7.508143
0.1800,7.213101,5.394665,1.650957,6.679498
0.1900,6.685070,5.811881,1.700795,6.278045
0.2000,6.649847,9.272677,1.754142,6.753715
0.2100,6.261414,9.472915,1.794540,7.093157
0.2200,6.203640,9.017492,1.724372,7.049236
0.2300,6.074191,9.025462,1.735091,6.939435
0.2400,5.916065,8.763436,1.747225,6.729026
0.2500,5.233023,8.799754,1.699603,6.691189
0.2600,4.219038,9.172389,1.722650,8.221913
0.2700,4.054522,10.023722,1.721299,15.121853
0.2800,3.341180,10.516322,1.777049,23.388307
0.2900,3.570187,10.339324,1.743008,27.983910
0.3000,3.549959,7.453828,1.761597,32.988882
0.3100,3.882784,7.092738,1.678027,40.285359
0.3200,3.597296,7.810633,1.624491,42.339341
0.3300,4.223460,8.608069,1.612444,44.769275
0.3400,4.437280,8.881571,1.633739,46.031257
0.3500,4.548176,8.729337,1.677090,45.428630
0.3600,4.242914,7.928144,1.621993,47.619769
0.3700,4.217110,7.485719,1.688197,36.381507
0.3800,4.424798,8.244955,1.664419,32.610953
0.3900,4.318589,8.122208,1.700430,40.769816
0.4000,4.277038,8.461683,1.713583,42.601953
0.4100,4.128648,8.674338,1.651497,47.217520
0.4200,4.717526,8.007174,1.676224,46.051506
0.4300,4.930645,8.029255,1.577131,44.045968
0.4400,4.709798,7.759751,1.556649,41.478262
0.4500,4.789788,9.488189,1.623266,45.875246
0.4600,5.586940,10.343182,1.655938,47.877427
0.4700,5.740158,9.891706,1.506235,48.795858
0.4800,5.531703,8.354185,1.430002,50.994849
0.4900,5.523283,8.819017,1.375929,37.825662
0.5000,5.931955,8.452281,1.392524,38.148075
0.5100,6.413751,9.661854,1.486017,33.751199
0.5200,6.336507,11.075990,1.522484,40.758202
0.5300,5.371375,10.268787,1.688197,40.758202
0.5400,5.246788,10.184587,1.644347,42.230883
0.5500,5.280261,8.995308,1.709980,39.347381
0.5600,5.063227,8.910208,1.721516,42.629098
0.5700,4.788955,9.227445,1.847891,46.463599
0.5800,4.658748,8.300893,1.882111,43.911781
0.5900,4.598879,7.895007,1.880810,43.867643
0.6000,4.039629,7.796250,1.801498,42.030231
0.6100,4.453831,7.122096,1.864740,45.516295
0.6200,4.453208,6.523863,1.861345,41.628377
0.6300,4.697653,6.959180,1.784972,44.063796
0.6400,4.754952,6.865032,1.764438,46.139391
0.6500,4.739313,6.653165,1.665687,45.833932
0.6600,4.791528,6.091555,1.632664,40.751712
0.6700,5.149097,6.649881,1.577131,32.676835
0.6800,5.321560,8.704644,1.533721,32.658011
0.6900,6.031968,8.609761,1.429271,36.022143
0.7000,6.250182,8.953486,1.551883,33.388909
0.7100,6.174297,8.558424,1.354483,22.603580
0.7200,7.489778,8.203596,1.395446,14.342284
0.7300,8.462141,8.894232,1.356092,11.556097
0.7400,8.573439,8.870090,1.359936,8.832560
0.7500,8.802325,9.051445,1.323181,9.004442
0.7600,9.187103,10.196072,1.288838,9.434982
0.7700,8.565108,9.060541,1.330372,9.721387
0.7800,8.276879,8.231166,1.365318,10.160750
0.7900,8.015722,9.150657,1.439932,11.042040
0.8000,8.583671,9.562744,1.332787,10.508884
0.8100,8.647209,9.830984,1.391483,10.974402
0.8200,7.907196,9.038874,1.467997,13.112145
0.8300,7.417703,7.945855,1.554918,15.743219
0.8400,6.828204,7.921793,1.398792,26.810586
0.8500,6.384421,8.279420,1.395446,33.289605
0.8600,5.916965,6.873633,1.402218,41.435641
0.8700,5.860373,7.794694,1.323902,47.831889
0.8800,6.000004,7.771848,1.277081,53.667108
0.8900,5.599619,7.312071,1.370002,43.428161
0.9000,4.507942,6.569742,1.386098,42.681736
0.9100,4.269775,6.159682,1.488517,42.621960
0.9200,4.315589,6.257288,1.435419,42.292658
0.9300,3.956045,6.468724,1.414435,44.192217
0.9400,4.052794,6.793287,1.507318,43.759036
0.9500,3.400737,6.706285,1.526453,39.150585
0.9600,3.435445,7.165588,1.624088,39.543373
0.9700,3.965988,6.940643,1.828880,35.888828
0.9800,3.995999,6.651122,1.939145,32.594871
0.9900,4.246046,7.351743,1.857016,35.871479
1.0000,4.723805,7.912850,1.859153,40.885027
1.0100,5.206014,7.982872,1.806478,41.432250
1.0200,6.125992,8.480008,1.752305,41.782392
1.0300,6.889668,8.551937,1.827099,41.198162
1.0400,6.856384,8.558979,1.943648,39.128143
1.0500,7.172392,8.386197,1.903254,36.862015
1.0600,7.230936,8.069021,1.900619,36.538356
1.0700,7.205601,7.821854,1.866527,34.790995
1.0800,7.660403,7.985546,1.825077,34.411122
1.0900,7.813402,8.184955,1.879526,35.242624
1.1000,7.549863,8.885688,1.841669,27.398093
1.1100,7.071215,8.681272,1.875774,31.937713
1.1200,6.636200,8.380891,1.839552,33.773089
1.1300,6.325205,8.029990,1.731484,34.299970
1.1400,6.553690,7.530605,1.636092,32.353906
1.1500,6.590426,7.668471,1.635768,41.180121
1.1600,6.612880,9.375623,1.588303,43.930459
1.1700,6.757537,11.332670,1.510492,46.328856
1.1800,6.192665,11.758002,1.475909,45.188182
1.1900,6.036872,11.210783,1.388517,40.973258
1.2000,6.242677,10.139614,1.368538,44.828833
1.2100,6.550451,10.360401,1.374819,41.848418
1.2200,6.475067,11.172243,1.462449,42.144063
1.2300,6.055069,11.840527,1.372277,42.725583
1.2400,6.688178,12.644525,1.431512,48.053592
1.2500,6.727459,12.414381,1.426928,45.146016
1.2600,6.757537,11.503086,1.422178,43.598221
1.2700,6.283501,9.608520,1.531882,41.986234
1.2800,6.188081,9.175460,1.501710,39.352748
1.2900,5.799572,9.188729,1.478364,36.727760
1.3000,6.511035,10.595467,1.467997,32.915868
1.3100,6.152023,10.288666,1.409824,24.239268
1.3200,5.901167,9.816431,1.290454,18.431542
1.3300,6.059042,9.266000,1.477172,17.337987
1.3400,5.806233,8.203690,1.453474,15.391886
1.3500,5.829710,8.581111,1.497594,14.134730
1.3600,6.063828,9.604625,1.634030,13.853275
1.3700,6.336204,9.895310,1.652842,14.166989
1.3800,6.284509,9.635740,1.609878,14.580419
1.3900,6.384707,9.672629,1.626967,12.571699
1.4000,5.341231,7.811798,1.670426,10.941008
1.4100,5.692115,7.979417,1.688197,12.635467
1.4200,6.065500,7.512720,1.697372,20.470264
1.4300,5.787800,9.433645,1.615586,28.243215
1.4400,6.042399,10.746209,1.589419,40.271243
1.4500,6.220723,11.738228,1.608648,48.696617
1.4600,5.943748,10.414177,1.514814,57.963444
1.4700,5.639749,10.348755,1.598399,52.334713
1.4800,5.943748,10.114918,1.736157,54.753609
1.4900,5.964986,10.394000,1.746078,59.867286
1.5000,6.012697,10.407157,1.882595,61.434493
1.5100,5.701995,10.971506,3.008059,63.739597
1.5200,5.105695,11.557082,3.523193,66.910377
1.5300,4.947137,9.482414,3.640174,63.729865
1.5400,4.219975,7.965880,3.858735,54.780101
1.5500,4.553207,6.155494,3.939126,53.389968
1.5600,5.336865,6.605169,3.598791,53.867704
1.5700,6.094279,6.882136,4.014614,69.216215
1.5800,6.254910,8.055492,3.478470,73.618551
1.5900,6.437987,7.916511,3.613056,77.519183
1.6000,6.596868,8.422802,3.627660,79.969048
1.6100,7.031756,8.161775,3.164387,81.403067
1.6200,7.040729,8.144759,3.051740,65.691133
1.6300,7.377224,8.110108,3.030715,54.368929
1.6400,7.588464,8.456452,2.937000,51.632985
1.6500,7.103317,8.856865,2.999629,45.957339
1.6600,6.373362,8.756151,2.852922,45.088794
1.6700,5.325538,8.307222,2.643198,40.276536
1.6800,4.930645,7.414246,2.885156,31.901532
1.6900,4.851053,7.044336,2.683477,28.175150
1.7000,4.589452,6.476482,2.669015,25.527748
1.7100,3.905917,6.171681,2.672978,22.587673
1.7200,3.835359,5.818891,2.390738,22.157143
1.7300,3.357976,7.446501,2.349928,25.327475
1.7400,3.188071,8.255488,2.362414,27.094365
1.7500,3.191340,7.812411,2.312449,34.530579
1.7600,2.996905,7.666584,2.505639,36.579000
1.7700,2.900449,7.503009,2.863314,34.308263
1.7800,2.754919,7.221479,2.983027,36.261196
1.7900,3.905459,7.327031,3.108610,33.347621
1.8000,4.610015,9.123766,3.008378,27.929955
1.8100,4.608697,10.488412,2.951586,27.419412
1.8200,5.174512,10.647955,3.225121,31.698759
1.8300,5.272474,9.789648,2.980809,30.025635
1.8400,5.643775,8.956050,3.075314,29.146264
1.8500,5.639826,9.061530,3.145207,28.510051
1.8600,6.075285,9.449951,3.098589,26.954881
1.8700,6.157109,9.973877,2.869338,31.085856
1.8800,6.123682,11.450604,2.514336,28.717642
1.8900,6.757537,11.466056,2.167561,27.151056
1.9000,7.163187,9.670040,2.067283,25.020875
1.9100,8.236997,7.974006,1.946834,20.007270
1.9200,8.705656,7.749456,2.084310,14.384492
1.9300,8.536359,8.441308,2.192715,19.124230
1.9400,8.442162,8.944092,2.021852,18.010698
1.9500,8.052882,9.091928,1.934392,17.277097
1.9600,7.900159,9.531781,1.890983,17.473891
1.9700,7.900159,9.036203,1.760548,16.706575
1.9800,7.924177,8.222598,1.669439,17.176899
1.9900,6.928728,9.387175,2.045514,16.966818
2.0000,6.158301,9.466809,2.320583,17.949069
2.0100,5.141811,9.695417,2.815834,19.990091
2.0200,3.910408,10.240365,2.757612,27.330795
2.0300,3.703234,10.086110,2.791765,18.367829
2.0400,3.535400,10.058988,2.748811,26.111940
2.0500,3.304510,10.580804,2.442854,30.154546
2.0600,3.519160,9.532375,2.058336,33.689954
2.0700,3.369853,9.693616,2.399016,33.212397
2.0800,3.280771,9.613586,2.687532,32.095140
2.0900,3.252010,8.296723,2.580255,35.901117
2.1000,3.279921,7.947337,2.496629,36.775844
2.1100,3.255584,7.113341,2.272572,36.240763
2.1200,3.568795,6.649189,2.128979,37.784967
2.1300,3.397131,6.367549,2.087555,34.795960
2.1400,3.588547,6.147620,2.111408,31.543291
2.1500,3.611646,5.440323,2.228420,28.847979
2.1600,3.667925,5.648968,2.882152,25.371737
2.1700,3.743722,5.467231,2.647272,24.846442
2.1800,3.875407,5.274542,2.008860,23.920929
2.1900,3.841557,5.636289,1.874261,26.798937
2.2000,3.825781,6.497133,1.813914,32.985387
2.2100,3.796098,7.283342,1.845453,32.747109
2.2200,3.544214,7.359822,2.049953,31.664794
2.2300,3.530832,7.597447,2.067180,31.603965
2.2400,3.100340,7.661057,2.041145,31.020926
2.2500,3.026984,8.880095,1.997624,32.687157
2.2600,2.678819,9.073911,1.581660,34.519482
2.2700,2.695680,9.242328,1.736089,35.104889
2.2800,2.597014,9.108573,1.918607,35.896086
2.2900,2.547206,8.589068,2.086799,32.811567
2.3000,2.500370,7.823269,2.151369,28.822205
2.3100,2.492534,7.809976,2.163267,28.997460
2.3200,2.764039,7.607149,2.109183,27.241279
2.3300,2.846715,7.462195,2.076342,27.676568
2.3400,3.063295,7.286188,1.890608,28.587930
2.3500,3.274074,6.427393,1.928143,24.689415
2.3600,3.167326,6.143098,2.151245,14.725253
2.3700,3.097535,6.625173,1.920703,13.975087
2.3800,3.173746,7.720651,2.006036,14.823161
2.3900,3.174242,8.226549,2.073317,17.003576
2.4000,3.294631,7.784046,1.836553,17.312574
2.4100,3.164810,8.617585,1.683346,18.550966
2.4200,2.861733,9.145787,1.616460,8.527481
2.4300,2.801425,9.284143,1.516209,7.473111
2.4400,2.830515,9.433481,1.653440,7.072765
2.4500,2.765585,9.619461,1.555187,7.072765
2.4600,2.825294,9.808943,1.555187,9.270229
2.4700,3.089549,9.428377,1.551726,10.263018
2.4800,3.128740,8.404414,1.106429,9.781969
2.4900,3.358697,7.775411,0.918966,9.382801
2.5000,3.505890,8.522685,0.886172,9.466110
2.5100,4.305261,6.681436,0.870071,8.990650
2.5200,4.887343,7.223359,0.876514,12.871445
2.5300,6.072526,6.410780,0.881585,17.553463
2.5400,6.418664,6.835145,0.860699,19.003108
2.5500,6.799379,7.154150,0.868435,19.212308
2.5600,6.613978,7.095207,0.905674,17.313452
2.5700,5.978930,7.016205,0.934170,16.254493
2.5800,5.991618,7.173118,1.080566,16.886545
2.5900,5.876979,7.293752,1.171254,17.754853
2.6000,5.521172,6.993551,1.449863,17.926824
2.6100,3.892665,7.433545,1.772871,20.023714
2.6200,2.832669,6.861434,1.832899,20.241282
2.6300,2.186985,7.888194,1.708475,17.186274
2.6400,1.979840,8.133822,1.261469,18.189021
2.6500,1.865542,8.070612,0.887690,17.538665
2.6600,1.852691,7.915286,0.812743,14.320585
2.6700,1.787632,7.782893,0.576058,12.154992
2.6800,1.916934,7.967725,0.541911,11.985261
2.6900,1.903982,8.710321,0.539592,11.623168
2.7000,1.861770,9.016254,0.519081,10.561502
2.7100,1.907447,8.940669,0.406899,9.907609
2.7200,2.027261,9.172952,0.369729,9.646265
2.7300,2.237742,8.505746,0.367431,9.723994
2.7400,2.373515,6.904564,0.368850,10.129998
2.7500,2.370677,7.743635,0.439230,10.568654
2.7600,2.373515,8.623928,0.423772,12.548708
2.7700,3.073613,8.542778,0.444960,19.905389
2.7800,3.130565,8.505297,0.437952,21.184169
2.7900,3.212865,7.123704,0.433560,20.924030
2.8000,3.216717,7.796607,0.404913,20.487110
2.8100,3.288994,7.310233,0.431579,18.432508
2.8200,3.353985,7.307283,0.450186,18.303806
2.8300,3.631544,7.832278,0.454406,16.783286
2.8400,3.635329,8.480051,0.411260,15.330915
2.8500,3.792060,7.787494,0.384604,13.481797
2.8600,3.250923,8.775548,0.372887,14.156503
2.8700,2.730181,9.085920,0.394536,13.976550
2.8800,2.106099,8.714059,0.404397,11.004715
2.8900,1.812248,9.184659,0.343892,11.572579
2.9000,1.770071,9.167037,0.278621,11.808772
2.9100,1.881016,9.287559,0.270111,11.547753
2.9200,1.845715,9.319413,0.254471,11.491081
2.9300,1.659127,8.554763,0.252604,11.875592
2.9400,1.770071,8.142692,0.316360,12.172431
2.9500,1.611413,7.556959,0.372269,12.818971
2.9600,1.959686,6.457918,0.413747,12.984084
2.9700,2.266105,6.423026,0.446957,12.973433
2.9800,2.955510,6.824878,0.447917,17.727902
2.9900,3.540077,6.775581,0.484246,20.868050
3.0000,3.573448,6.704928,0.639944,21.228711
3.0100,3.850710,6.923991,0.737605,26.963497
3.0200,4.221375,7.735173,0.888941,29.190225
3.0300,4.119265,7.820570,0.948782,28.021265
3.0400,4.052917,7.134360,0.919868,26.841199
3.0500,4.024418,7.439383,0.826597,25.785151
3.0600,3.812556,7.339100,0.870071,26.687403
3.0700,3.480209,6.703700,0.799672,27.654636
3.0800,3.473500,6.387243,1.012918,26.618368
3.0900,4.329297,6.452759,2.033097,22.196733
3.1000,5.219844,6.022254,2.000207,17.216388
3.1100,5.970004,5.961969,1.803758,12.171773
3.1200,5.775238,5.728238,1.799063,8.794354
3.1300,5.760388,6.558350,1.620669,8.436496
3.1400,5.075530,7.239995,1.640642,9.304384
3.1500,4.872828,7.123704,1.712109,10.747730
3.1600,4.897542,7.126291,1.645992,10.627644
3.1700,5.024141,7.913708,1.529079,10.627644
3.1800,5.034365,8.009033,1.392402,10.574484
3.1900,4.604633,7.668542,1.119348,10.797502
3.2000,3.980925,7.872366,0.700046,11.430304
3.2100,2.545727,8.880797,0.479715,13.371192
3.2200,2.310642,8.128940,0.459483,16.554506
3.2300,2.114455,6.928002,0.476415,16.649374
3.2400,2.281391,7.283251,0.462847,19.448629
3.2500,2.208267,7.608596,0.451593,15.286271
3.2600,1.737652,7.230780,0.405735,13.238563
3.2700,1.494550,6.949419,0.409173,11.584870
3.2800,1.413811,7.226991,0.432237,11.925025
3.2900,1.370815,7.869609,0.433119,12.112640
3.3000,1.400832,8.014096,0.450651,11.733702
3.3100,1.593240,6.708296,0.554669,10.641741
3.3200,1.677529,6.354483,0.602332,11.575665
3.3300,1.744673,6.620326,0.595449,13.217079
3.3400,1.735881,6.091229,0.600348,14.414445
3.3500,1.964107,6.010538,0.599333,16.415628
3.3600,2.543921,5.777421,0.710223,19.115241
3.3700,3.244414,5.813824,0.886752,21.398350
3.3800,3.132766,5.194611,0.885139,19.097656
3.3900,3.014153,4.745543,0.983536,19.217245
3.4000,2.915394,4.762136,1.448630,21.515017
3.4100,2.787822,5.563408,1.763228,26.613201
3.4200,2.834092,5.960846,1.502376,26.360801
3.4300,2.891066,6.488706,1.304201,24.674936
3.4400,2.813483,7.649254,0.843023,23.024026
3.4500,2.188473,7.242146,0.865637,19.751505
3.4600,1.993891,7.373399,0.859730,19.489060
3.4700,2.421673,7.255392,0.755909,18.763495
3.4800,3.025907,8.025875,0.752476,25.414409
3.4900,3.373821,8.234914,0.757449,30.262965
3.5000,3.860101,9.386265,0.809488,33.752643
3.5100,4.229537,9.306177,0.955512,31.139955
3.5200,3.811944,8.980143,1.088906,28.097088
3.5300,3.622172,8.281822,1.141115,25.532437
3.5400,3.688820,6.724850,1.709880,23.991560
3.5500,3.806154,6.671101,1.854932,25.401272
3.5600,3.805137,6.780774,1.945785,26.829250
3.5700,3.595609,6.780675,1.777638,29.667676
3.5800,3.413761,6.667082,2.154672,28.253996
3.5900,3.257959,6.475400,2.124198,27.228696
3.6000,2.750160,5.207335,2.032657,22.827668
3.6100,2.389668,4.986848,1.990335,22.500798
3.6200,2.487762,4.870040,1.649669,23.519414
3.6300,2.631586,4.843261,1.664703,25.103813
3.6400,2.239858,5.172776,1.922760,27.631524
3.6500,2.028135,5.559158,1.967917,25.240170
3.6600,2.367346,5.785858,2.056844,19.565000
3.6700,2.356657,5.831847,2.434598,15.904053
3.6800,2.299501,5.402912,2.004269,14.021732
3.6900,4.100880,6.155759,2.094168,13.279485
3.7000,5.628269,7.063948,2.195037,10.830090
3.7100,5.411079,7.247362,2.235616,9.150411
3.7200,5.559392,8.027750,2.519375,9.634134
3.7300,5.481200,9.201230,2.575758,10.579245
3.7400,5.759725,9.253735,1.865496,10.310529
3.7500,5.918040,9.306313,1.748760,9.514401
3.7600,5.432079,8.780956,1.713233,8.953855
3.7700,5.467813,8.941033,1.640353,9.698819
3.7800,5.491937,9.024365,1.706118,10.195609
3.7900,4.731046,8.997079,1.538357,10.133652
3.8000,3.513620,8.774485,1.479007,11.087361
3.8100,3.452304,8.414398,1.521192,13.274727
3.8200,3.047035,7.718633,1.663577,13.343255
3.8300,2.933877,6.523477,1.737436,11.279609
3.8400,2.712532,5.751737,1.952855,11.519713
3.8500,2.883324,5.655169,1.862199,13.162967
3.8600,3.471762,5.811630,1.970225,15.359618
3.8700,3.967156,5.168757,1.824342,13.180807
3.8800,4.013131,5.385623,1.842353,11.287242
3.8900,3.933001,5.237198,1.892944,7.945816
3.9000,4.018218,5.180139,1.736928,6.901450
3.9100,4.068054,5.197296,1.741961,6.443484
3.9200,4.165491,4.937763,1.599732,6.699028
3.9300,4.522219,5.280324,1.561489,7.051017
3.9400,4.583601,7.164444,1.749866,6.815983
3.9500,4.921250,6.972825,2.123997,6.460483
3.9600,4.604533,7.711199,1.739046,6.338923
3.9700,4.276810,8.145840,1.789980,6.287258
3.9800,4.132997,8.246530,1.865902,6.173586
3.9900,4.388624,9.502892,1.976046,9.621388
4.0000,4.751237,10.236899,2.371622,16.155778
4.0100,5.044506,10.877561,2.519106,17.694075
4.0200,4.643854,10.985665,2.536063,21.122527
4.0300,4.427715,10.883653,2.466521,21.367282
4.0400,4.415201,9.621883,2.244024,23.413424
4.0500,3.866974,9.377391,2.179871,23.648906
4.0600,3.946970,8.771336,2.874612,21.697197
4.0700,3.779809,8.894067,2.962058,20.576149
4.0800,4.074236,8.866528,2.438921,22.728846
4.0900,4.222083,9.134238,2.317338,39.802761
4.1000,3.678286,8.770284,2.137043,44.583316
4.1100,3.655081,8.666728,2.109403,49.624675
4.1200,4.016451,9.611922,2.155465,50.722444
4.1300,3.873567,9.338918,2.225350,48.684437
4.1400,5.251679,9.418358,2.355436,48.119360
4.1500,6.747570,10.188637,2.357179,50.800406
4.1600,6.613145,9.991096,2.024325,48.025399
4.1700,6.679415,9.395873,2.112138,39.846780
4.1800,6.473209,9.379675,2.485524,38.337867
4.1900,6.443233,7.620229,2.798588,30.507420
4.2000,6.565905,7.582841,2.639293,28.510932
4.2100,6.853920,7.353797,2.471830,26.961490
4.2200,6.638413,8.210677,2.218212,26.937262
4.2300,6.857731,8.743451,1.949304,28.812216
4.2400,5.631281,8.917105,1.906166,25.946460
4.2500,4.027447,8.989518,1.808464,23.314315
4.2600,6.482151,9.003167,2.037154,20.078908
4.2700,7.789061,9.495373,1.934787,20.278337
4.2800,8.602213,10.349130,1.900995,18.843093
4.2900,10.922169,10.989249,1.779698,15.991047
4.3000,11.406584,11.308143,2.034225,14.135995
4.3100,11.904913,11.410158,2.037648,13.205424
4.3200,12.039777,9.662702,2.024021,11.886431
4.3300,11.998586,10.620698,2.369487,10.430264
4.3400,11.891297,10.820844,2.802406,10.467305
4.3500,11.866894,10.769217,2.819462,10.122811
4.3600,11.430659,9.942172,2.167851,9.725319
4.3700,11.008519,8.831418,2.021507,9.773513
4.3800,10.819394,7.989973,1.911396,9.843264
4.3900,8.149359,7.941254,1.903798,10.657275
4.4000,7.487271,7.673650,1.908396,11.474871
4.4100,5.823491,7.827616,1.937981,12.363975
4.4200,5.080066,7.886705,1.971888,12.770723
4.4300,4.768917,6.430673,1.989997,13.631552
4.4400,4.416938,6.365710,1.714923,14.254313
4.4500,4.346134,5.799029,1.640944,14.370929
4.4600,4.272872,5.922092,2.003120,15.099606
4.4700,4.065012,6.682304,2.009295,15.517287
4.4800,4.094944,6.394936,1.947557,14.002881
4.4900,3.924008,6.162499,1.917105,20.820915
4.5000,3.086253,6.558077,1.882079,19.247304
4.5100,3.333718,6.545048,2.112604,18.099859
4.5200,3.406925,6.300118,2.394340,19.486447
4.5300,3.005349,6.246947,2.136498,20.212916
4.5400,2.912887,6.568331,1.880202,17.911122
4.5500,2.999335,7.578947,1.902923,17.054555
4.5600,2.805867,7.756246,1.860686,16.814332
4.5700,3.000155,8.014758,1.922444,19.433828
4.5800,3.045788,7.826081,2.115814,17.912183
4.5900,3.106686,7.667298,2.336795,14.959990
4.6000,3.469271,8.274611,2.520919,15.067308
4.6100,3.413704,7.695764,2.368921,15.461349
4.6200,3.884572,7.875305,1.810759,15.130444
4.6300,4.310272,8.076299,1.827014,14.688219
4.6400,4.167644,7.933352,1.931996,14.483216
4.6500,4.853865,7.385773,1.917571,14.736198
4.6600,4.613318,6.647178,1.964196,14.811060
4.6700,4.631362,6.916272,1.931947,11.506599
4.6800,4.649185,7.226728,1.971059,11.324895
4.6900,4.740362,7.355338,2.317921,10.643752
4.7000,4.647476,6.822986,2.448113,12.119005
4.7100,4.861600,6.870336,2.397599,12.240183
4.7200,4.687661,6.431803,2.877608,11.184749
4.7300,4.954360,6.333790,2.930665,9.637408
4.7400,5.675961,6.632226,3.683989,10.411180
4.7500,5.254838,6.451522,1.962576,9.509519
4.7600,5.933447,6.513951,1.833418,9.292774
4.7700,6.273384,5.884387,1.849326,10.042358
4.7800,6.447460,5.186943,1.801720,9.170596
4.7900,6.028881,4.925730,1.362276,9.336239
4.8000,5.999965,4.807633,1.061989,8.084102
4.8100,6.192665,4.463070,0.995225,6.527630
4.8200,5.831179,4.204255,1.073973,5.709209
4.8300,4.800567,4.091205,1.124236,5.678074
4.8400,4.802475,2.809966,1.224995,4.512271
4.8500,5.498468,2.358625,2.342652,4.320064
4.8600,5.991629,2.506560,3.160461,4.161222
4.8700,6.476623,2.814837,2.262460,3.712650
4.8800,6.603431,3.153503,2.422195,4.056237
4.8900,6.921214,3.124965,2.348795,3.687297
4.9000,6.582017,3.094743,2.194023,3.665363
4.9100,6.319016,3.534746,2.396982,3.733408
4.9200,6.505335,3.720427,2.242530,3.878381
4.9300,7.094182,3.612862,2.063352,3.817868
4.9400,6.957701,4.269843,1.355427,4.334682
4.9500,5.981837,4.864269,1.225952,5.133910
4.9600,5.440945,5.135802,1.170948,6.061680
4.9700,4.745922,3.847135,1.161839,5.073219
4.9800,4.605359,3.795083,1.066562,4.801258
4.9900,4.153984,4.062029,1.116189,5.080766
5.0000,4.596343,3.964918,1.059382,5.204577
5.0100,4.553833,4.566402,0.969093,5.181784
5.0200,4.697674,4.967857,0.988137,5.471361
5.0300,4.807066,5.630305,1.079085,5.767696
5.0400,4.331953,6.207554,1.348434,5.990325
5.0500,4.518895,6.401540,1.562017,5.627116
5.0600,4.276509,6.419093,1.702667,5.154764
5.0700,3.446344,9.396756,1.886493,7.475617
5.0800,2.373914,8.252187,1.948364,7.096873
5.0900,2.566153,8.111222,1.967494,7.006490
5.1000,3.055767,8.852346,1.833231,7.054304
5.1100,2.913158,7.778508,0.669716,7.098176
5.1200,2.714599,7.566505,0.561501,6.783589
5.1300,2.806096,6.736035,0.459479,6.369245
5.1400,2.974080,6.352448,0.337639,6.093966
5.1500,3.033299,6.073474,0.300661,5.762131
5.1600,3.059873,6.199690,0.298323,4.977461
5.1700,3.156167,6.445336,0.200919,4.743412
5.1800,3.945362,7.309741,0.129559,4.873815
5.1900,3.885584,7.157288,0.119040,4.993944
5.2000,2.822907,6.903496,0.124998,5.087571
5.2100,2.288552,7.418866,0.132337,4.199086
5.2200,1.978704,7.374431,0.106504,4.033767
5.2300,1.599893,7.004070,0.087090,4.838518
5.2400,1.244296,6.929289,0.082457,5.006934
5.2500,1.192315,6.842238,0.085271,5.149990
5.2600,1.322127,6.417866,0.081016,5.148063
5.2700,1.344978,5.997336,0.083972,5.254066
5.2800,1.374582,6.157946,0.089729,5.571806
5.2900,1.291970,6.406981,0.082826,5.620156
5.3000,1.209520,5.933161,0.077951,5.426000
5.3100,1.082562,5.440181,0.077603,5.839940
5.3200,1.010453,5.027112,0.095398,4.226108
5.3300,0.971267,5.093850,0.128251,3.682385
5.3400,0.952390,5.023831,0.141725,3.816331
5.3500,0.905887,4.810950,0.139276,3.597531
5.3600,0.819095,4.871548,0.146164,3.526469
5.3700,0.853164,4.944258,0.150309,3.480220
5.3800,0.854514,4.744559,0.169643,3.431039
5.3900,0.873922,4.469544,0.211792,3.118956
5.4000,0.945630,4.469544,0.233402,3.200772
5.4100,1.470188,5.241492,0.240023,3.234906
5.4200,1.872955,5.632753,0.342704,4.312192
5.4300,2.086583,5.701243,0.621307,4.261357
5.4400,1.917916,5.441011,0.753009,3.694477
5.4500,1.892110,6.772286,1.314638,3.792828
5.4600,2.040051,6.154237,1.933752,4.325991
5.4700,2.116924,6.335145,1.817294,4.468999
5.4800,2.070166,6.523402,1.757304,4.324875
5.4900,1.973695,6.658079,1.623266,4.532124
5.5000,1.657286,6.705807,2.001575,4.495460
5.5100,1.468243,6.191064,2.046938,4.237034
5.5200,1.394049,6.021703,1.828880,4.030731
5.5300,1.259738,6.178376,1.640775,3.604551
5.5400,1.140126,6.282687,1.451849,3.615607
5.5500,1.057280,5.090474,1.406831,3.473436
5.5600,1.075275,5.791320,1.381252,2.171211
5.5700,1.018898,5.427416,1.534724,1.793010
5.5800,1.025281,5.451882,1.425588,1.621166
5.5900,1.017768,4.551747,1.517043,1.753000
5.6000,1.069697,5.047550,1.277554,2.249104
5.6100,1.062320,5.409422,1.077293,2.522907
5.6200,1.032033,5.284809,0.726621,2.600092
5.6300,1.031032,5.235294,0.728010,2.805962
5.6400,1.113458,5.795367,0.760485,2.798613
5.6500,1.156185,6.560985,0.774256,2.564459
5.6600,0.991526,6.591032,0.742494,2.734232
5.6700,0.940179,7.655362,0.730243,3.308358
5.6800,0.927160,7.959552,0.815962,3.669608
5.6900,0.930050,8.777326,0.638436,3.653836
5.7000,0.905472,9.002385,0.551491,3.306014
5.7100,0.903579,8.846146,0.552091,3.231019
5.7200,0.875408,9.306312,0.615306,3.214467
5.7300,0.933184,9.383843,0.658516,3.066183
5.7400,0.907038,9.227445,0.664423,3.240728
5.7500,0.968513,8.710708,0.370219,3.456896
5.7600,0.955307,8.849272,0.324333,3.451589
5.7700,0.997347,8.083547,0.307848,2.734194
5.7800,1.021973,8.013308,0.395158,2.456232
5.7900,1.076589,8.638646,0.432025,2.993710
5.8000,1.108982,7.843329,0.442560,2.793342
5.8100,1.146215,8.349494,0.438931,2.434532
5.8200,1.195063,7.431834,0.438039,2.264082
5.8300,1.315824,6.629803,0.416514,2.200305
5.8400,1.315732,4.594891,0.384295,2.080167
5.8500,1.268393,4.220018,0.427217,2.231249
5.8600,1.368262,3.884640,0.476395,2.223936
5.8700,1.328328,3.609078,0.510659,2.076997
5.8800,1.251396,3.642695,0.469796,2.069085
5.8900,1.257331,3.472293,0.411145,1.729950
5.9000,1.267874,3.738706,0.401330,1.673704
5.9100,1.281256,4.016036,0.408884,1.871329
5.9200,1.255929,3.789667,0.432703,2.263142
5.9300,1.190133,4.926431,0.408884,3.293308
5.9400,1.219335,5.519484,0.355599,3.304493
5.9500,1.325206,5.410886,0.373325,3.162274
5.9600,1.325206,6.591032,0.364497,3.962960
5.9700,1.752217,6.802283,0.366085,4.372107
5.9800,1.969188,6.716178,0.332134,3.979917
5.9900,1.850562,6.392507,0.362115,3.931404
6.0000,1.855943,5.678428,0.421726,3.867950
6.0100,1.961703,5.490330,0.434015,4.031900
6.0200,2.050834,5.707698,0.434662,3.979108
6.0300,2.058814,5.054229,0.477601,3.318873
6.0400,2.077810,4.060076,0.636245,3.356759
6.0500,2.112465,4.010390,0.751248,3.370697
6.0600,1.863954,3.725154,0.862856,3.120111
6.0700,1.492751,3.756888,0.746899,3.193091
6.0800,1.504286,3.652530,0.683936,3.387044
6.0900,1.600274,3.549017,0.640492,2.985316
6.1000,1.670187,3.556092,0.539620,2.608285
6.1100,1.473754,3.297781,0.509492,2.289355
6.1200,1.323737,3.583166,0.510408,2.220320
6.1300,1.255400,3.383397,0.522163,2.393316
6.1400,1.109085,3.877681,0.532960,2.355197
6.1500,1.153121,3.998560,0.522163,2.282371
6.1600,1.499328,3.511997,0.567943,1.911350
6.1700,1.838503,3.446844,0.788248,1.702617
6.1800,1.804445,3.620337,1.104939,1.706471
6.1900,1.890592,3.822799,1.388944,1.995896
6.2000,1.771467,4.109432,1.591526,2.364153
6.2100,2.045402,3.898996,1.666947,3.026748
6.2200,2.252512,2.753351,1.912748,3.018535
6.2300,2.252512,2.773065,2.046473,2.604036
6.2400,2.185416,2.748807,2.019656,2.590022
6.2500,1.697151,2.462152,2.047930,2.561843
6.2600,1.562897,2.177677,2.061791,2.786488
6.2700,1.617102,1.920906,1.896061,3.150296
6.2800,1.655931,1.763944,2.308803,3.104327
6.2900,1.650722,1.905575,2.264264,2.975760
6.3000,1.790747,1.871728,2.237750,3.112864
6.3100,2.460954,2.318114,2.119226,3.486610
6.3200,2.646994,2.654741,2.256188,3.991980
6.3300,2.886990,3.029388,2.313307,4.232337
6.3400,2.956869,3.016665,2.704866,4.369787
6.3500,3.623366,3.684434,3.347411,5.032437
6.3600,3.645627,3.870216,3.611785,5.455792
6.3700,2.531060,4.274902,3.741104,4.386665
6.3800,1.678421,4.750128,4.109426,3.966178
6.3900,1.675791,4.461203,4.057468,3.691754
6.4000,1.704742,4.366689,4.026243,3.690502
6.4100,1.471093,4.743590,3.849088,3.752566
6.4200,1.449865,4.907323,3.847841,3.641208
6.4300,1.318331,4.778990,3.574254,3.540721
6.4400,1.401885,4.729920,3.456151,3.360680
6.4500,1.315306,4.635017,2.999688,3.036135
6.4600,1.325975,4.699559,2.622734,2.697557
6.4700,1.375708,5.130460,2.443443,2.463694
6.4800,1.910304,5.240901,1.886057,2.479889
6.4900,1.931060,5.528713,2.280250,2.383994
6.5000,1.903594,5.935492,2.374683,2.451462
6.5100,2.088893,5.231787,2.552702,1.984657
6.5200,2.151379,4.941426,2.541695,1.844660
6.5300,2.407064,5.647538,2.896687,1.774800
6.5400,2.275352,6.214956,3.029629,1.936418
6.5500,2.476962,6.386123,3.066226,2.006505
6.5600,2.687657,6.386840,3.019506,2.199978
6.5700,2.739542,6.631096,3.267337,2.731965
6.5800,2.853781,7.016217,3.345619,3.183079
6.5900,3.112951,7.414233,2.917596,3.475587
6.6000,3.030755,8.002146,2.761279,2.863226
6.6100,2.564485,8.378718,2.593955,2.788041
6.6200,2.763477,8.517641,2.442920,2.791890
6.6300,2.602371,8.475499,2.438079,3.050742
6.6400,2.829719,7.769951,2.524218,3.047894
6.6500,2.593205,7.772044,2.437127,3.189892
6.6600,2.452263,8.094764,2.592949,3.189892
6.6700,2.521081,7.436623,2.666404,3.124538
6.6800,2.350628,6.571321,2.527148,2.567535
6.6900,2.182352,5.945684,2.069775,2.442584
6.7000,2.255043,5.464252,1.929368,2.863947
6.7100,2.699131,5.181565,2.076631,2.925577
6.7200,2.466113,5.231560,2.471583,3.266225
6.7300,2.727006,5.644121,2.469242,3.016949
6.7400,2.916199,6.861052,2.462831,3.196277
6.7500,2.791506,6.898259,2.486780,3.229557
6.7600,3.003350,7.076917,2.418228,3.052542
6.7700,2.806977,7.234627,2.273084,3.383737
6.7800,3.299490,7.778575,2.182620,3.873217
6.7900,4.193253,8.355964,2.487040,4.038072
6.8000,5.073351,7.864111,2.663130,4.518359
6.8100,4.458097,7.551936,2.519634,4.517535
6.8200,3.237713,8.670617,2.081102,3.606742
6.8300,3.036133,9.468161,2.048457,3.678564
6.8400,2.878896,8.815506,1.992154,3.595120
6.8500,2.894324,8.815506,2.154618,3.630493
6.8600,2.709243,8.728664,2.194656,3.803895
6.8700,2.876780,8.281041,2.452779,3.661778
6.8800,2.534076,6.788763,2.904792,3.404216
6.8900,2.308009,6.383369,2.328547,3.576841
6.9000,2.234671,6.716576,2.284311,3.713908
6.9100,2.268341,6.920584,2.223025,3.598101
6.9200,3.681910,6.105282,2.225988,4.546317
6.9300,3.944826,5.491612,2.245993,4.337887
6.9400,3.683520,5.446128,2.240604,3.648005
6.9500,2.433518,4.613723,1.838037,2.983226
6.9600,2.090822,4.101650,1.769961,2.922068
6.9700,1.931667,4.221943,1.906498,2.936777
6.9800,1.891448,5.291541,1.767477,3.045153
6.9900,1.796516,5.449416,0.455079,2.819936
7.0000,1.797636,5.151990,0.326716,2.455309
7.0100,2.050113,5.195581,0.328957,2.447068
7.0200,2.187222,5.045136,0.350039,2.191298
7.0300,2.338638,4.715584,0.359576,2.049734
7.0400,2.547867,4.785968,0.359576,2.688279
7.0500,3.891409,5.846509,0.321646,4.815500
7.0600,5.692906,7.080290,0.266896,5.464901
7.0700,6.138889,6.164888,0.247655,4.618585
7.0800,6.230449,4.967991,0.236189,4.110216
7.0900,6.016176,4.246067,0.291317,3.924549
7.1000,5.182687,4.641685,0.349327,3.685402
7.1100,3.513080,4.215416,0.347247,3.420419
7.1200,3.172067,4.037825,0.222397,3.130505
7.1300,2.899323,3.910679,0.209819,3.079678
7.1400,2.627128,2.623918,0.243681,2.900698
7.1500,2.009478,2.416712,0.232037,2.437490
7.1600,1.696650,2.155592,0.242549,2.163542
7.1700,1.564713,2.150497,0.250154,2.121677
7.1800,1.407820,1.986063,0.244589,2.116405
7.1900,1.668267,1.910370,0.244564,1.883413
7.2000,2.206245,1.587121,0.256118,1.621268
7.2100,2.446822,1.624155,0.272308,1.839816
7.2200,2.492936,1.679708,0.315272,2.045596
7.2300,2.458226,1.579614,0.319927,2.268138
7.2400,2.155267,1.948808,0.320644,3.998930
7.2500,2.127260,2.131464,0.330019,4.322268
7.2600,2.177770,2.248940,0.343246,5.023870
7.2700,2.607360,2.672364,0.338262,5.531861
7.2800,2.897883,3.343850,0.344594,6.170512
7.2900,3.236004,4.338763,0.377400,6.694104
7.3000,3.167395,5.336809,0.378052,8.786092
7.3100,4.098834,6.984663,0.398414,15.710179
7.3200,4.891959,6.565682,0.451311,21.503465
7.3300,5.570402,6.754731,0.550437,27.254962
7.3400,10.994405,6.952185,0.571617,34.808271
7.3500,11.506076,6.151630,0.728494,21.580386
7.3600,10.276060,6.057280,0.819870,17.484838
7.3700,7.958115,5.774230,0.884294,16.025039
7.3800,7.561357,5.268032,0.868375,14.873663
7.3900,6.547594,3.700590,0.762815,13.673823
7.4000,6.337651,2.429043,0.735559,12.775763
7.4100,5.245454,1.232370,0.576315,8.604328
7.4200,4.307675,0.950063,0.559846,4.436624
7.4300,3.667407,1.036989,0.556686,3.200933
7.4400,3.365061,1.435057,0.536471,3.917965
7.4500,2.888247,1.661534,0.518022,4.139237
7.4600,3.248386,1.789116,0.501601,4.559887
7.4700,4.778056,1.993840,0.461355,5.364045
7.4800,4.994242,2.919067,0.466264,6.377429
7.4900,4.962912,3.310844,0.357119,8.831949
7.5000,4.959074,3.723933,0.322879,10.427824
7.5100,5.345514,4.207715,0.295829,12.283646
7.5200,5.539783,4.014995,0.288852,14.739414
7.5300,6.017519,4.010390,0.253933,16.587024
7.5400,6.462125,3.850550,0.202305,13.987673
7.5500,6.739124,3.163696,0.213171,10.634772
7.5600,7.238921,3.047069,0.209163,10.320125
7.5700,7.945225,2.837095,0.182590,10.596520
7.5800,7.835525,2.114171,0.177984,9.859240
7.5900,8.115472,1.853703,0.189797,8.207480
7.6000,8.274535,1.760807,0.186747,7.105194
7.6100,8.520740,1.978669,0.154274,7.459724
7.6200,8.254566,2.091773,0.134668,7.574157
7.6300,8.563503,2.176474,0.147520,8.296246
7.6400,7.852696,2.113051,0.168036,8.413909
7.6500,7.680123,2.772670,0.152587,9.794266
7.6600,7.295890,2.827326,0.145016,9.983752
7.6700,6.282537,2.871281,0.146986,7.978458
7.6800,6.117718,2.882336,0.143576,7.569694
7.6900,6.393249,2.773195,0.130891,8.837310
7.7000,6.616166,2.921227,0.131345,9.768212
7.7100,6.777011,2.781938,0.142603,9.787039
7.7200,6.720305,2.798702,0.155401,9.796176
7.7300,6.300821,2.525000,0.142254,8.250214
7.7400,7.131832,2.737589,0.111277,9.883610
7.7500,7.006709,2.768234,0.077537,10.045932
7.7600,7.095911,2.811696,0.097939,10.453749
7.7700,6.972994,3.088729,0.114168,11.858529
7.7800,7.129051,3.127470,0.118231,12.694928
7.7900,6.592244,3.105513,0.122218,9.985081
7.8000,6.383185,2.883577,0.118261,9.373208
7.8100,6.541970,2.871306,0.115418,9.645820
7.8200,6.609777,2.908651,0.113953,9.820866
7.8300,7.032731,3.269152,0.114052,10.531503
7.8400,7.624701,3.271549,0.114627,9.644459
7.8500,7.533326,3.417572,0.133845,9.726817
7.8600,6.930807,3.546799,0.117322,9.378402
7.8700,7.020438,3.535750,0.079820,9.168829
7.8800,7.351717,3.467282,0.060559,9.328269
7.8900,7.121480,3.609474,0.065390,9.677103
7.9000,6.551057,4.613723,0.065935,10.749328
7.9100,6.065894,5.292900,0.058299,10.318690
7.9200,5.558337,5.374749,0.060630,9.964577
7.9300,4.566554,3.690978,0.077981,9.486823
7.9400,3.978664,2.743144,0.120044,8.927835
7.9500,3.824033,2.336788,0.114282,8.569763
7.9600,3.567316,2.063139,0.124859,7.821425
7.9700,2.846925,1.758666,0.125585,7.163519
7.9800,2.294537,1.597356,0.133834,6.350051
7.9900,2.121668,1.422482,0.138526,6.328916
8.0000,2.153335,1.091947,0.139692,5.514050
8.0100,2.186262,1.140560,0.170635,5.147106
8.0200,2.301627,1.418071,0.180025,5.214806
8.0300,2.517311,1.547969,0.171743,4.920185
8.0400,3.150052,1.870632,0.126811,5.103472
8.0500,3.475305,2.047427,0.155599,5.180518
8.0600,3.688274,2.946934,0.146800,7.048309
8.0700,4.111789,5.239705,0.131032,8.765825
8.0800,5.435410,7.957000,0.123069,10.651115
8.0900,8.055860,8.890677,0.117730,11.166781
8.1000,8.219694,9.033862,0.115508,12.380487
8.1100,8.446921,8.788043,0.120185,13.107748
8.1200,8.866272,8.474184,0.104851,12.319220
8.1300,9.196162,7.825808,0.086599,12.161300
8.1400,7.630661,7.012858,0.082208,9.926792
8.1500,7.401464,6.683663,0.079212,8.684092
8.1600,7.848256,5.863273,0.080438,8.163661
8.1700,7.490852,4.904856,0.097965,7.680394
8.1800,7.151405,4.644143,0.129050,7.521874
8.1900,4.307930,3.225038,0.147153,6.466083
8.2000,3.311752,1.976178,0.153137,4.455932
8.2100,2.467970,1.564503,0.139276,1.700687
8.2200,1.651031,1.395610,0.160781,1.104630
8.2300,1.730941,1.468003,0.183057,1.132436
8.2400,1.856466,1.541251,0.187577,2.204009
8.2500,1.790932,1.677405,0.173844,2.749023
8.2600,1.815624,1.776370,0.180736,3.032010
8.2700,1.893595,1.679459,0.187125,3.122746
8.2800,1.973056,1.833308,0.225495,3.153996
8.2900,1.932290,2.163788,0.251236,3.563900
8.3000,2.109766,2.547345,0.263694,4.981243
8.3100,2.762205,3.198291,0.419862,5.859508
8.3200,3.802771,3.501001,0.616288,6.824704
8.3300,4.653839,3.928949,1.053255,7.544774
8.3400,5.055403,4.445514,1.173196,7.191079
8.3500,5.167907,3.935358,1.650605,6.704630
8.3600,5.246654,3.863747,2.011733,5.952516
8.3700,5.445780,3.900873,2.126689,6.226602
8.3800,5.762297,4.020239,2.438506,6.329311
8.3900,6.074357,3.931523,2.536959,6.669524
8.4000,6.612624,3.903919,2.620415,5.844561
8.4100,6.314903,3.868429,3.184241,5.034906
8.4200,6.161503,3.813747,3.494175,5.094775
8.4300,5.301832,3.592814,3.744334,4.837208
8.4400,4.600702,3.126195,4.220492,4.770363
8.4500,4.499490,3.220647,3.792713,4.772783
8.4600,4.313321,3.192197,4.119523,5.533980
8.4700,4.135209,3.973091,4.170839,5.033476
8.4800,4.852728,3.738298,4.523093,5.129912
8.4900,5.210294,3.774864,4.501858,4.038774
8.5000,4.588570,3.654690,4.672131,3.583526
8.5100,5.360908,3.664912,4.461038,5.326618
8.5200,5.385396,4.776252,4.090103,6.815024
8.5300,5.443863,4.898455,4.084347,7.095018
8.5400,5.191766,4.852185,4.383090,6.897711
8.5500,5.178112,4.532864,6.413261,5.565603
8.5600,5.895505,4.480590,7.587401,5.862974
8.5700,6.308365,4.655666,8.175126,7.138599
8.5800,6.201722,5.126358,7.804236,7.421664
8.5900,7.245914,5.813824,8.343961,7.799906
8.6000,8.464185,6.523863,8.440983,7.802094
8.6100,9.720385,6.906075,9.117687,9.293214
8.6200,12.017777,6.406316,10.339195,9.184391
8.6300,12.294963,6.758957,10.613720,8.959777
8.6400,13.229544,6.598696,10.766374,9.106742
8.6500,13.347069,6.444565,9.506679,9.984384
8.6600,13.076154,6.136017,8.392749,8.337346
8.6700,12.349681,5.249391,9.138282,7.094961
8.6800,12.390282,5.158981,9.851124,7.081332
8.6900,11.744838,4.738418,8.864960,7.212776
8.7000,11.122130,4.354076,8.921677,7.333372
8.7100,10.613932,3.702370,9.016505,4.988512
8.7200,9.081275,3.801707,9.420741,5.143458
8.7300,8.202999,3.492459,11.016870,5.529130
8.7400,7.182772,3.181345,11.438914,5.405983
8.7500,6.920485,3.043745,12.197953,5.718085
8.7600,6.473112,3.428724,13.802149,8.095726
8.7700,6.800442,4.170562,14.537249,10.816187
8.7800,6.652606,4.047228,13.096314,11.005955
8.7900,5.787753,4.149485,14.293398,10.597622
8.8000,5.124637,4.442618,14.267251,10.341226
8.8100,4.732223,5.557281,13.945973,11.746919
8.8200,4.200126,7.212786,14.180852,17.281728
8.8300,4.216480,7.640972,9.937612,18.296016
8.8400,4.462178,8.329198,9.094662,18.692786
8.8500,4.252349,8.181119,9.583163,19.454398
8.8600,4.395223,6.347542,7.897166,15.178917
8.8700,4.277622,5.020816,7.127941,10.410037
8.8800,4.247860,4.403138,7.272232,9.809904
8.8900,4.223461,4.272630,8.757520,9.883331
8.9000,4.208813,4.155872,8.778623,9.763280
8.9100,3.685929,3.861857,8.716505,9.134371
8.9200,3.315930,3.081308,7.673621,6.063443
8.9300,3.358893,2.896479,7.706985,5.157746
8.9400,2.743735,2.518446,6.951398,4.757445
8.9500,2.735810,2.396340,6.300677,4.194587
8.9600,2.058773,2.201939,10.025469,3.442122
8.9700,1.898868,2.336577,12.876076,3.787375
8.9800,1.861562,2.412519,13.222240,3.326827
8.9900,1.919141,2.506220,12.569055,3.583006
9.0000,2.532436,2.737603,12.255058,2.633655
9.0100,2.841955,2.460652,12.497890,2.383389
9.0200,3.213017,2.313225,18.434331,2.437893
9.0300,3.436690,2.540064,19.661315,2.398842
9.0400,3.456740,2.735920,19.424432,2.506156
9.0500,3.345643,3.051260,19.455438,2.613946
9.0600,4.179920,2.979611,14.983994,2.654052
9.0700,4.561743,3.035344,4.905701,2.778284
9.0800,4.552781,2.846102,4.984675,2.806427
9.0900,4.692056,2.383757,4.786534,2.449552
9.1000,4.230593,2.089233,4.823419,2.836859
9.1100,3.537148,2.288406,5.042947,3.748386
9.1200,3.135801,2.685600,4.928276,4.310836
9.1300,2.901498,2.537547,4.324701,4.437385
9.1400,4.548638,2.471637,4.168387,4.350745
9.1500,6.453287,2.316473,4.077154,4.341689
9.1600,6.512813,2.376913,4.148771,4.514630
9.1700,7.469708,3.048002,3.571185,4.904453
9.1800,6.883362,3.312549,2.206048,5.280402
9.1900,5.942843,3.552010,1.967771,7.055182
9.2000,5.840000,3.884256,1.914006,6.952437
9.2100,6.395770,4.217332,2.017342,6.786454
9.2200,6.420348,4.149124,1.923262,6.861653
9.2300,6.323753,4.184390,1.843552,7.738271
9.2400,5.478905,4.164820,1.737850,8.882085
9.2500,4.100897,4.108707,1.788090,9.215771
9.2600,3.777674,4.013010,1.798079,8.615962
9.2700,2.297563,2.988502,1.891208,8.023036
9.2800,2.276681,2.694186,1.889439,7.412708
9.2900,2.436570,2.939769,1.762055,6.964533
9.3000,2.783618,3.381290,1.784972,8.882709
9.3100,2.984579,3.421564,1.633385,9.349333
9.3200,2.956422,3.060325,1.609414,9.007921
9.3300,2.889231,2.842741,1.688197,6.175059
9.3400,2.833188,2.575101,1.700255,4.792822
9.3500,2.933577,2.620594,1.652780,4.611191
9.3600,3.345504,3.190060,1.736431,5.314698
9.3700,3.426090,3.237515,1.688197,5.681063
9.3800,3.569466,3.139337,1.458935,6.613221
9.3900,3.630165,2.858257,1.590172,5.101111
9.4000,3.549718,2.484312,1.504227,4.317533
9.4100,3.916979,2.815153,1.413865,4.121098
9.4200,3.458914,2.847101,1.387843,4.098415
9.4300,3.063706,2.954438,1.320766,5.370766
9.4400,2.632221,3.050183,1.275963,5.890511
9.4500,2.404709,3.188833,1.205855,5.864023
9.4600,2.191634,2.768234,1.159476,5.445009
9.4700,2.033241,2.643538,1.259152,5.470836
9.4800,2.015406,3.027481,1.377486,5.228361
9.4900,1.950201,3.411210,1.171590,6.433593
9.5000,1.853838,4.243411,0.735182,7.227086
9.5100,1.497616,3.970401,0.724226,8.021946
9.5200,1.624408,3.536232,0.761929,8.457829
9.5300,2.132442,2.829436,0.768732,6.382840
9.5400,2.893778,2.750488,0.783445,5.097691
9.5500,3.743693,2.572252,0.782709,5.524893
9.5600,3.976518,2.732437,0.798334,6.312386
9.5700,4.073631,2.800897,0.758172,6.445246
9.5800,3.999359,2.574622,0.796789,6.342516
9.5900,3.985858,3.566283,0.763359,6.563558
9.6000,4.288761,3.435576,0.903963,6.389446
9.6100,3.779028,3.394237,0.806901,7.097418
9.6200,3.627878,3.792565,0.360586,7.710264
9.6300,3.389251,4.385517,0.336612,8.751110
9.6400,3.243325,4.687966,0.329223,10.511222
9.6500,2.829436,5.101884,0.327781,11.550207
9.6600,2.749984,5.473265,0.335665,10.835660
9.6700,2.944248,5.400223,0.339114,10.729145
9.6800,4.336023,5.311852,0.318991,10.343272
9.6900,5.317278,3.781443,0.324272,9.769687
9.7000,6.244896,3.867028,0.322743,10.254804
9.7100,7.833802,3.608695,0.335138,8.809193
9.7200,8.751250,2.956200,0.527316,8.104214
9.7300,9.059017,3.485271,0.555819,7.702797
9.7400,9.331364,3.937043,0.468361,8.657258
9.7500,8.371542,4.055054,0.465709,8.362792
9.7600,7.959066,3.375610,0.220804,8.538141
9.7700,7.939464,3.079330,0.183373,6.980142
9.7800,7.038746,3.032562,0.181806,5.468519
9.7900,6.277915,2.889402,0.181588,5.092192
9.8000,4.847429,2.943318,0.163996,5.102970
9.8100,3.640688,3.239422,0.147577,5.354090
9.8200,3.051235,3.400676,0.145012,5.882970
9.8300,2.806977,3.270617,0.150540,5.899984
9.8400,2.389452,2.754529,0.150304,4.584857
9.8500,2.340194,2.615193,0.152482,4.217756
9.8600,2.337057,2.996541,0.180330,4.150485
9.8700,2.513362,3.342972,0.184898,4.256908
9.8800,2.907844,3.582420,0.176436,5.277880
9.8900,3.030819,3.871655,0.172412,6.115473
9.9000,3.286978,3.684701,0.205095,5.755604
9.9100,3.466987,3.306501,0.245266,5.309498
9.9200,3.915582,3.284770,0.264375,4.705615
9.9300,3.910858,2.969227,0.246266,5.331595
9.9400,4.162114,2.994114,0.248413,6.717826
9.9500,4.280095,3.146166,0.251541,9.263978
9.9600,5.068153,2.800530,0.255372,10.724234
9.9700,4.754938,2.727324,0.290932,9.967574
9.9800,4.396582,2.683126,0.268619,8.058699
9.9900,4.182819,3.090324,0.201981,8.193165
10.0000,4.216630,3.354242,0.156406,7.757916
10.0100,4.228026,3.423382,0.149526,9.121945
10.0200,3.903756,3.556307,0.147268,9.117207
10.0300,3.773920,3.652983,0.159103,8.399791
10.0400,3.671079,4.041387,0.157889,7.964247
10.0500,3.589415,3.990870,0.151816,7.270789
10.0600,3.350100,4.403719,0.155460,7.060386
10.0700,3.535232,4.452404,0.160318,7.218235
10.0800,3.715758,4.297714,0.117085,7.885152
10.0900,3.798880,3.764001,0.134063,7.827692
10.1000,4.039832,3.684291,0.158690,9.463224
10.1100,3.990250,3.576477,0.149558,7.346206
10.1200,4.013131,3.594572,0.158623,6.772931
10.1300,4.201625,3.663016,0.151710,7.175930
10.1400,4.056305,3.475447,0.153991,7.671742
10.1500,3.972509,3.872833,0.155223,8.359935
10.1600,3.127973,4.005104,0.144399,7.408757
10.1700,3.162225,3.702962,0.142218,7.237792
10.1800,3.164668,3.454927,0.212926,7.085594
10.1900,3.108330,2.859144,0.214151,6.106064
10.2000,2.970640,2.426945,0.203530,4.984602
10.2100,2.980074,2.344164,0.213838,5.376949
10.2200,3.101709,2.323810,0.213073,5.376949
10.2300,3.070415,2.887421,0.213073,5.978675
10.2400,3.757191,2.984195,0.211434,5.962205
10.2500,6.167207,2.814759,0.201687,5.850758
10.2600,7.389082,2.471020,0.191518,5.776798
10.2700,6.643965,2.217663,0.181376,5.991678
10.2800,6.379115,2.306861,0.181376,5.979243
10.2900,6.379115,2.420964,0.174265,6.969486
10.3000,6.480589,2.820268,0.179624,7.753653
10.3100,6.480589,3.125660,0.184898,8.553693
10.3200,6.425199,3.168330,0.187577,8.683294
10.3300,6.425199,2.796957,0.189078,7.281778
10.3400,6.534147,2.689854,0.186519,6.768976
10.3500,5.339013,2.746607,0.198437,6.948457
10.3600,4.330484,2.928016,0.219141,7.526971
10.3700,5.196764,3.154189,0.240673,6.412880
10.3800,5.740729,2.577707,0.296103,5.621821
10.3900,5.748156,2.575101,0.347773,4.800106
10.4000,5.844640,2.254032,0.347711,5.631620
10.4100,5.928203,1.874731,0.339623,5.249625
10.4200,5.779472,1.763045,0.324653,6.037069
10.4300,5.786513,1.723675,0.297661,6.253559
10.4400,4.781099,1.721273,0.298040,5.811584
10.4500,4.697653,1.600800,0.290223,5.383945
10.4600,4.367238,1.617760,0.356875,5.257138
10.4700,4.321990,1.848671,0.434108,5.911825
10.4800,4.492799,2.127243,0.437566,7.058196
10.4900,4.418389,2.312701,0.420503,9.065679
10.5000,4.327959,2.497774,0.456695,10.435505
10.5100,3.924537,3.227310,0.485558,9.156339
10.5200,3.666820,3.767449,0.303751,8.065512
10.5300,3.622354,4.166164,0.260919,7.492982
10.5400,3.255904,4.769511,0.248165,7.783203
10.5500,2.928792,4.756599,0.240693,8.205756
10.5600,2.772117,4.631133,0.239022,8.455647
10.5700,2.577785,4.711155,0.226186,8.344249
10.5800,2.499254,4.677161,0.214271,8.116103
10.5900,2.631041,4.561161,0.205991,7.505858
10.6000,2.428104,3.814011,0.160130,5.345188
10.6100,2.353749,2.353517,0.147717,4.183717
10.6200,2.691561,1.998261,0.159659,3.524800
10.6300,2.804660,1.854506,0.180462,3.616524
10.6400,2.860036,1.666315,0.185253,3.531779
10.6500,2.738816,1.761055,0.191429,3.421477
10.6600,2.752417,1.882154,0.201981,3.162274
10.6700,2.747950,1.692209,0.210651,2.825024
10.6800,2.738184,1.677440,0.202030,2.712323
10.6900,2.555371,1.733819,0.177639,2.584007
10.7000,2.545151,1.784981,0.196049,2.408764
10.7100,2.379964,2.153071,0.214328,2.864232
10.7200,2.037867,2.182225,0.228055,2.715084
10.7300,1.684186,1.948867,0.241171,2.161371
10.7400,1.692730,2.173158,0.245556,2.456410
10.7500,1.793089,2.255188,0.234555,2.668169
10.7600,1.802010,2.211598,0.222279,2.758779
10.7700,1.946973,2.278843,0.195929,2.962852
10.7800,1.968081,2.352999,0.187977,3.217140
10.7900,2.238390,2.390934,0.200553,3.573370
10.8000,3.615813,2.377998,0.207986,3.503304
10.8100,4.632927,2.314956,0.205285,3.565309
10.8200,5.561640,2.467169,0.193879,4.014959
10.8300,6.255234,2.679345,0.171197,4.723481
10.8400,7.122580,2.260114,0.170000,4.576243
10.8500,7.521051,2.015468,0.170009,3.939776
10.8600,7.673813,1.924695,0.182575,3.423672
10.8700,7.735486,1.772133,0.199382,2.935545
10.8800,7.849483,1.757790,0.233148,2.598413
10.8900,7.487623,1.807979,0.199648,2.303455
10.9000,6.638686,1.906497,0.173643,2.474082
10.9100,6.232152,1.941608,0.171132,2.538727
10.9200,5.266218,1.937364,0.172337,3.162274
10.9300,4.902710,2.168662,0.179129,3.455265
10.9400,4.253711,2.519092,0.182995,4.083325
10.9500,3.500791,2.593398,0.189283,4.194335
10.9600,2.807306,2.707726,0.187859,4.112958
10.9700,2.488915,2.831508,0.191497,4.242457
10.9800,2.409763,2.830441,0.201576,4.328163
10.9900,2.072311,2.819214,0.235459,4.512829
11.0000,2.046386,2.737645,0.400035,4.624826
11.0100,1.864820,2.718084,0.537620,4.815555
11.0200,1.711083,2.049158,0.557993,3.681949
11.0300,1.733183,2.015580,0.585925,3.535352
11.0400,1.686284,1.697394,0.685562,2.768528
11.0500,1.864356,1.589171,0.785208,2.481169
11.0600,2.138793,1.570863,0.937197,2.526185
11.0700,2.234236,1.563539,1.122918,2.623250
11.0800,2.299391,1.506804,1.133280,2.537559
11.0900,2.762152,1.464290,1.205855,2.304792
11.1000,2.898137,1.415445,0.511688,2.616063
11.1100,2.843110,1.452093,0.437231,2.753774
11.1200,2.782515,1.634298,0.416839,3.320388
11.1300,2.814493,1.670038,0.422794,3.561902
11.1400,2.656639,1.912355,0.417575,3.534307
11.1500,2.736873,2.209478,0.410076,3.730256
11.1600,2.789876,2.189980,0.412474,3.739106
11.1700,3.010039,2.164200,0.414645,3.735824
11.1800,2.951220,2.209478,0.387121,4.068134
11.1900,2.501976,2.496388,0.391132,4.302574
11.2000,2.352071,2.840522,0.498956,4.065781
11.2100,2.342716,2.815009,0.582292,3.759593
11.2200,2.506161,2.983403,0.516161,4.028412
11.2300,2.507096,2.983403,0.444614,3.901284
11.2400,2.886893,2.805474,0.382335,3.695448
11.2500,3.148286,2.386553,0.371200,3.959376
11.2600,3.083635,2.422751,0.365564,4.372188
11.2700,3.004474,2.520991,0.370085,4.743411
11.2800,3.000234,2.702945,0.389979,5.523713
11.2900,3.021353,2.672023,0.417511,6.354810
11.3000,2.996179,2.578387,0.448052,6.424329
11.3100,2.847628,2.690577,0.460931,7.078251
11.3200,2.713001,2.322314,0.484519,6.734170
11.3300,2.701352,2.285697,0.504225,6.635861
11.3400,2.592262,2.245766,0.587368,6.984804
11.3500,2.316870,2.400972,0.596308,6.869769
11.3600,2.448771,2.311429,0.631556,6.549142
11.3700,3.412222,2.576190,0.623459,5.546529
11.3800,5.074992,2.394404,0.624345,3.706480
11.3900,5.017152,2.768234,0.595593,2.916032
11.4000,5.149493,2.832186,0.586849,2.655642
11.4100,5.158047,2.706126,0.585136,2.162650
11.4200,5.224577,2.952782,0.622176,2.139462
11.4300,5.123442,2.855651,0.720356,2.315571
11.4400,5.111155,3.259636,0.873389,2.635229
11.4500,5.298667,3.451748,0.821008,2.759803
11.4600,5.641489,3.515773,0.711554,2.592330
11.4700,4.861490,2.917579,0.685001,2.418472
11.4800,3.233513,2.768234,0.494816,2.427511
11.4900,3.150753,2.390747,0.322076,2.467161
11.5000,2.714444,2.299041,0.337212,2.676181
11.5100,2.707540,3.163696,0.331648,3.188195
11.5200,2.630042,3.136233,0.330346,3.682385
11.5300,2.627931,3.125248,0.308503,3.445886
11.5400,2.707779,3.164504,0.319610,3.403345
11.5500,2.580728,2.951703,0.321843,3.197568
11.5600,2.372238,3.024855,0.320544,3.611735
11.5700,2.514227,3.247126,0.310782,4.545769
11.5800,2.160690,3.164504,0.314219,4.849410
11.5900,1.790183,3.075815,0.368136,4.594404
11.6000,1.402031,3.039629,0.322868,3.678154
11.6100,1.311420,2.182446,0.326680,3.298989
11.6200,1.280086,2.225741,0.315215,2.949539
11.6300,1.188920,2.691338,0.324167,3.046863
11.6400,1.161295,2.762708,0.307848,3.197411
11.6500,1.225434,2.919123,0.306945,3.339930
11.6600,1.159876,3.109991,0.314531,3.118956
11.6700,1.069103,3.352249,0.272639,3.050477
11.6800,1.110541,3.505304,0.255641,3.907285
11.6900,1.124496,3.374609,0.226536,4.115145
11.7000,1.245737,3.367487,0.215345,4.335038
11.7100,1.288353,3.652067,0.214271,4.530776
11.7200,1.293029,3.414155,0.206615,4.760173
11.7300,1.615769,3.136295,0.204095,4.693829
11.7400,1.679840,3.331856,0.196302,4.439961
11.7500,1.611413,3.403566,0.201792,4.490430
11.7600,1.759225,3.267014,0.208080,4.743412
11.7700,2.053687,2.962984,0.199283,5.381616
11.7800,2.506460,3.075815,0.187717,4.556395
11.7900,2.605406,3.203392,0.204798,4.511591
11.8000,2.824744,3.466808,0.221576,5.258533
11.8100,2.879091,3.412608,0.217931,5.692094
11.8200,3.010543,3.514724,0.234118,5.431206
11.8300,3.109812,3.586121,0.229340,5.517846
11.8400,3.065771,3.099606,0.221377,5.661491
11.8500,2.986246,3.001348,0.221877,4.835072
11.8600,3.010175,2.668594,0.217990,4.698662
11.8700,2.941064,2.572252,0.263973,3.347083
11.8800,2.786068,2.324235,0.340340,2.976635
11.8900,2.751179,2.223663,0.267798,3.596439
11.9000,2.633602,2.363316,0.194064,3.995488
11.9100,2.711357,2.383429,0.201646,4.181947
11.9200,3.638674,2.535541,0.211025,4.510129
11.9300,4.656397,2.578019,0.216152,4.817818
11.9400,5.547128,2.623804,0.222463,4.210988
11.9500,6.721858,3.209370,0.222463,4.776816
11.9600,6.850399,3.659774,0.217730,5.302456
11.9700,7.255461,4.424186,0.227747,6.005916
11.9800,7.524609,5.125123,0.228309,6.988236
11.9900,7.831582,5.477694,0.278032,6.694331
12.0000,8.507690,4.723201,0.691550,7.042142
12.0100,8.289035,4.681114,0.884293,6.909271
12.0200,8.141611,4.500313,0.864357,6.758470
12.0300,7.180882,4.639937,0.857185,6.795125
12.0400,6.495108,5.015654,0.850591,8.680443
12.0500,5.031159,4.661971,0.889902,8.951277
12.0600,4.743271,4.951002,0.896446,9.242876
12.0700,3.910985,4.489864,0.866912,9.459245
12.0800,3.562051,4.189759,0.943203,9.119773
12.0900,3.888608,4.502993,0.972624,9.825638
12.1000,4.309702,5.623656,1.004370,9.240868
12.1100,4.645807,5.695064,1.059854,10.114051
12.1200,4.838119,5.810407,1.235049,11.271042
12.1300,4.856669,6.016294,1.373448,10.818307
12.1400,4.576484,6.031598,1.414963,10.303312
12.1500,4.654379,5.969877,1.366171,8.543688
12.1600,4.556563,5.012439,1.175858,6.324549
12.1700,4.439599,4.663155,0.994705,4.680585
12.1800,4.337352,4.775902,0.868744,4.457301
12.1900,3.924926,4.532983,0.850260,4.488228
12.2000,3.736844,4.146510,0.796106,4.314879
12.2100,3.517133,4.055374,0.793452,3.894449
12.2200,3.106003,3.642127,0.757165,4.344805
12.2300,3.600934,3.374609,0.748434,4.783050
12.2400,3.721404,3.884964,0.773046,5.049868
12.2500,4.217109,3.738434,0.772565,5.306428
12.2600,4.440667,3.374455,0.774720,5.559648
12.2700,4.186735,3.321880,0.837937,6.103411
12.2800,4.133600,3.167925,0.909559,6.044556
12.2900,4.024645,3.148747,0.879403,5.984976
12.3000,3.723206,3.023263,0.840984,6.060144
12.3100,3.687281,3.075815,0.814584,6.714020
12.3200,3.946223,3.248437,0.797204,6.300950
12.3300,3.718472,3.313492,0.733999,5.625087
12.3400,3.791526,2.906645,0.696451,5.583573
12.3500,3.616507,2.697974,0.755246,5.093479
12.3600,3.481155,3.157030,0.811970,5.599086
12.3700,3.640399,4.172921,0.941374,6.988062
12.3800,3.625636,4.587546,0.884293,7.312759
12.3900,3.657197,5.650138,0.849920,7.716893
12.4000,3.801114,5.316766,0.993057,8.088765
12.4100,4.163204,5.418670,1.055123,8.339224
12.4200,3.905330,5.045136,1.118341,8.085919
12.4300,3.408936,5.166230,1.127859,7.843066
12.4400,2.972004,4.843105,0.912079,7.161621
12.4500,2.934702,4.999503,0.259191,6.927259
12.4600,2.857473,5.015142,0.185076,6.693748
12.4700,2.796869,4.552882,0.167596,5.711455
12.4800,2.826470,4.474064,0.166373,5.763500
12.4900,4.184475,3.924199,0.171266,4.579846
12.5000,5.483258,4.260908,0.171266,3.867705
12.5100,5.344597,4.193300,0.179830,3.681949
12.5200,5.576490,4.818128,0.177084,3.569147
12.5300,4.816650,4.420730,0.167687,2.900826
12.5400,4.948596,4.350997,0.147848,2.672684
12.5500,4.913620,3.442754,0.186590,2.597859
12.5600,4.755680,3.146408,0.267831,2.744402
12.5700,4.655192,3.025392,0.263622,2.719846
12.5800,4.425711,3.123135,0.258294,2.814069
12.5900,3.195917,3.219789,0.245994,2.947154
12.6000,2.116371,3.399585,0.218473,3.211248
12.6100,1.884031,3.671345,0.197643,3.295202
12.6200,1.570862,3.139186,0.193141,3.017617
12.6300,1.476502,3.318152,0.219615,3.331419
12.6400,1.359100,3.661529,0.235418,3.279003
12.6500,1.457436,4.642028,0.221755,3.603690
12.6600,1.469496,5.147282,0.195405,3.733241
12.6700,1.509067,5.634632,0.184723,4.709368
12.6800,1.588193,5.719707,0.200172,5.109169
12.6900,1.719418,5.759199,0.201094,4.648963
12.7000,1.813661,5.273699,0.212037,4.075193
12.7100,1.891311,5.348152,0.212686,3.856285
12.7200,1.907035,5.767153,0.184267,4.017949
12.7300,1.866770,5.482584,0.178686,4.060283
12.7400,1.981602,5.295751,0.194612,4.275178
12.7500,1.944016,4.369642,0.199853,4.109594
12.7600,2.080470,4.084833,0.194143,3.910521
12.7700,2.049060,3.447617,0.206335,2.962130
12.7800,1.666520,3.010811,0.173643,2.233930
12.7900,1.611798,2.405727,0.161045,2.177657
12.8000,1.485664,2.603111,0.146758,2.317803
12.8100,1.381541,2.441428,0.128790,2.315807
12.8200,1.224486,2.423418,0.127755,2.141615
12.8300,1.211351,2.222975,0.125510,1.956046
12.8400,1.297643,2.204091,0.120958,1.752343
12.8500,1.351507,2.157528,0.120830,1.525168
12.8600,1.580000,2.171669,0.131304,1.274704
12.8700,1.734103,2.276103,0.132901,1.153765
12.8800,1.918269,2.676418,0.145929,1.234447
12.8900,2.091341,2.831369,0.144161,1.740701
12.9000,2.518139,2.725426,0.113598,2.635229
12.9100,2.610866,2.681726,0.120014,2.737135
12.9200,2.660012,2.743951,0.127644,2.955621
12.9300,2.721786,3.306946,0.127459,3.343716
12.9400,2.599521,3.271549,0.136255,3.359917
12.9500,2.379334,3.238203,0.142714,3.343958
12.9600,2.037903,4.073258,0.142442,3.323146
12.9700,1.715743,4.564036,0.151767,3.508440
12.9800,1.829961,4.217231,0.126062,3.732054
12.9900,1.813604,3.611537,0.125533,3.509576
13.0000,1.583194,3.324104,0.157269,2.851377
13.0100,1.415630,2.740960,0.175496,2.779238
13.0200,1.337027,2.687605,0.186385,2.568818
13.0300,1.242820,2.838538,0.169690,2.813247
13.0400,1.199225,3.195847,0.164641,3.303677
13.0500,1.387073,3.203490,0.154553,3.363749
13.0600,1.347532,2.594726,0.143460,3.021912
13.0700,2.360967,2.415420,0.129543,2.939927
13.0800,2.410188,2.415983,0.141809,2.437283
13.0900,2.173586,2.582879,0.142047,2.227341
13.1000,2.421007,2.764020,0.140928,2.303037
13.1100,2.420571,3.171056,0.111310,2.345528
13.1200,2.433769,3.138268,0.086907,2.334565
13.1300,2.431130,2.685600,0.085161,2.005604
13.1400,2.442705,2.378531,0.083417,1.442697
13.1500,2.511506,2.119363,0.079867,1.304438
13.1600,2.647673,2.794851,0.075678,1.318215
13.1700,2.335500,3.598704,0.075297,1.624161
13.1800,2.321724,3.379125,0.073801,2.128454
13.1900,3.302268,3.150059,0.069540,2.398657
13.2000,1.335322,3.064135,0.066684,2.274770
13.2100,1.276860,2.905501,0.067106,2.015950
13.2200,1.331275,2.746691,0.074770,2.004587
13.2300,1.535804,2.642405,0.076134,2.026312
13.2400,1.678891,2.600462,0.069953,2.031242
13.2500,1.653708,2.775616,0.074222,2.315386
13.2600,1.929511,3.366666,0.079707,3.128633
13.2700,2.473513,3.299393,0.084149,3.071055
13.2800,2.530928,3.766820,0.094225,3.049336
13.2900,2.610676,4.152350,0.109312,3.249811
13.3000,5.191578,4.569549,0.132697,4.047467
13.3100,6.455370,5.205365,0.193646,6.208654
13.3200,6.337335,6.374136,0.245994,7.916157
13.3300,6.434535,8.230552,0.300290,10.124592
13.3400,6.578133,9.623716,0.493013,10.349261
13.3500,7.102039,11.118656,1.256332,9.203634
13.3600,7.021160,10.290911,1.697372,8.947799
13.3700,6.123761,9.821345,1.913944,10.198335
13.3800,5.990198,9.668950,1.716024,9.842579
13.3900,6.024792,11.201586,1.479108,14.700302
13.4000,5.756717,11.830057,1.505689,15.270456
13.4100,5.360216,13.818327,1.515625,16.203158
13.4200,5.355624,13.307758,1.475337,16.203158
13.4300,5.385996,12.673336,1.511268,16.416329
13.4400,5.762853,12.211347,1.504544,22.615908
13.4500,5.582313,11.862469,1.542303,30.181118
13.4600,5.349057,9.799057,1.476345,35.033698
13.4700,5.632723,9.306312,1.394881,33.109952
13.4800,5.861651,9.152425,1.472968,28.107653
13.4900,5.414074,7.555806,1.664750,15.980231
13.5000,5.435733,6.874137,1.616864,14.146650
13.5100,7.006697,5.536467,1.574019,12.950891
13.5200,7.282734,5.321740,1.603787,12.423221
13.5300,7.225472,4.703503,1.484043,12.056171
13.5400,6.823787,4.805961,1.513829,10.092733
13.5500,6.507258,4.842125,1.391622,10.114870
13.5600,6.224047,4.965021,1.322786,8.815880
13.5700,4.984282,5.405978,1.303544,6.779348
13.5800,4.475771,5.536467,1.285572,4.366240
13.5900,3.500058,5.908803,1.368620,3.802663
13.6000,2.972065,4.966043,1.342255,3.756603
13.6100,2.279133,4.789332,1.291778,3.773423
13.6200,1.793706,4.372307,1.220383,3.891167
13.6300,1.664356,4.073819,1.064956,3.813770
13.6400,1.646953,4.034109,0.623736,4.195234
13.6500,2.021090,4.043729,0.425829,3.435446
13.6600,1.974145,3.414881,0.404513,3.253066
13.6700,2.148840,3.268054,0.387985,2.975126
13.6800,2.003870,3.307632,0.381206,3.191710
13.6900,2.347958,2.981431,0.347637,3.794729
13.7000,2.490551,3.047751,0.413574,3.947978
13.7100,2.543837,3.147218,0.519098,4.086631
13.7200,2.589392,2.937457,0.543924,4.370254
13.7300,2.711829,2.982940,0.571882,4.919616
13.7400,2.700245,3.143587,0.599346,4.147948
13.7500,2.907625,2.871943,0.422049,4.697295
13.7600,3.213018,3.165228,0.393396,5.384413
13.7700,2.893003,2.917225,0.516917,4.646731
13.7800,2.523491,2.544739,0.607158,3.990323
13.7900,1.923198,2.521581,0.641515,3.741143
13.8000,1.448044,2.470083,0.628066,3.664013
13.8100,1.383286,2.462105,0.598022,3.434230
13.8200,1.401632,2.576134,0.599453,2.816134
13.8300,1.388283,2.728307,0.602728,2.334903
13.8400,1.376535,2.585033,0.638394,2.158071
13.8500,1.269226,2.529096,1.001403,1.544903
13.8600,0.818344,2.338990,1.348483,1.023719
13.8700,0.664584,2.016809,1.572150,1.205728
13.8800,0.575446,1.733699,1.800743,1.050327
13.8900,0.655582,1.530021,1.556077,1.209181
13.9000,0.709784,1.444918,1.822181,1.174078
13.9100,0.619104,1.652497,2.131810,1.162470
13.9200,0.628776,2.118895,2.219666,1.165889
13.9300,0.620021,1.605721,2.344182,1.172257
13.9400,0.570067,1.104800,1.880037,1.115857
13.9500,0.540603,0.858907,1.681550,0.978553
13.9600,0.610450,0.822644,1.579465,0.960280
13.9700,0.658574,0.730572,1.654206,0.977977
13.9800,0.647830,0.654805,1.709980,1.180124
13.9900,0.644782,0.627189,0.870559,1.203378
14.0000,0.626561,0.586381,0.402188,1.426682
14.0100,0.737675,0.518074,0.358333,1.897365
14.0200,0.877101,0.357154,0.304868,1.991772
14.0300,0.995007,0.374211,0.290799,2.069430
14.0400,1.042591,0.412648,0.323251,2.456410
14.0500,1.160144,0.477895,0.347018,2.994444
14.0600,1.151509,0.537951,0.321812,3.550624
14.0700,1.530121,0.656717,0.275687,3.631876
14.0800,1.549573,0.797401,0.257834,3.389862
14.0900,1.727877,0.807896,0.255952,3.514902
14.1000,2.056085,0.870936,0.315254,3.462913
14.1100,2.207462,0.934926,0.322566,3.841006
14.1200,2.459084,0.946179,0.349620,3.927214
14.1300,2.667819,0.918544,0.328084,4.060648
14.1400,3.003350,0.780245,0.275114,3.841578
14.1500,3.253219,0.830356,0.207465,3.753282
14.1600,3.548651,0.813578,0.181883,3.665896
14.1700,3.623779,0.787118,0.194879,3.824926
14.1800,4.334937,0.719640,0.181806,4.688574
14.1900,5.117840,0.733229,0.139090,5.431730
14.2000,6.000693,0.746984,0.085113,5.682701
14.2100,6.696658,0.872536,0.075817,5.366284
14.2200,7.493506,0.954916,0.070290,5.965940
14.2300,8.344478,1.042750,0.080431,6.213201
14.2400,9.278271,1.845489,0.090112,7.423632
14.2500,10.858596,2.231167,0.129026,8.829320
14.2600,12.803754,2.322650,0.255322,9.142741
14.2700,14.083844,2.433287,0.527989,10.128579
14.2800,14.984730,2.552819,0.866365,10.672676
14.2900,15.492170,2.684629,2.324215,11.367831
14.3000,14.677003,2.702989,6.764976,14.328517
14.3100,14.502834,2.661522,8.933374,15.366798
14.3200,14.061295,3.417572,10.321203,16.020794
14.3300,13.745444,3.563073,10.981474,15.615363
14.3400,13.995541,3.937043,11.337399,16.074221
14.3500,15.722982,4.516250,11.642736,17.055608
14.3600,18.681446,5.638994,11.730193,18.950536
14.3700,24.193955,6.196207,11.778116,18.962119
14.3800,28.952292,6.571059,12.070199,19.872647
14.3900,24.083028,8.663546,12.783455,24.911872
14.4000,23.911285,8.103289,11.974418,27.130000
14.4100,25.119789,8.062364,9.825483,22.965626
14.4200,23.843667,7.326313,10.450741,22.151271
14.4300,26.393166,7.902227,10.519417,22.564453
14.4400,23.273159,7.590318,11.658399,21.882342
14.4500,22.609115,7.941195,10.534347,21.619010
14.4600,22.525123,8.463389,10.457251,20.942609
14.4700,21.510478,8.708401,10.156084,19.464344
14.4800,21.874108,8.867934,9.972745,16.430078
14.4900,22.269156,6.608041,9.969665,12.529766
14.5000,21.846284,7.103141,9.882127,9.950260
14.5100,20.890235,7.479823,9.416236,9.351297
14.5200,20.542912,8.202174,7.642512,8.861318
14.5300,20.035824,7.639115,7.169054,8.027312
14.5400,20.407376,7.628021,5.003644,8.406379
14.5500,19.341932,7.727048,5.110933,8.429867
14.5600,18.766287,7.109671,5.011834,7.429731
14.5700,18.594126,7.044166,5.412740,7.574938
14.5800,18.111109,6.991245,5.491724,7.914141
14.5900,17.569596,6.987693,6.165294,8.127756
14.6000,17.405777,7.731345,6.284973,8.151035
14.6100,18.261439,7.769004,7.223743,8.480645
14.6200,12.572162,8.831175,10.091455,9.164740
14.6300,8.310144,8.821716,10.838990,9.015428
14.6400,5.767850,8.570768,12.155016,8.293695
14.6500,5.188823,7.518271,12.494563,7.867814
14.6600,4.325566,6.940909,12.166334,8.581830
14.6700,4.508060,6.437988,13.985061,8.268030
14.6800,4.049123,6.614974,17.192678,8.497190
14.6900,3.941147,6.482255,16.306445,8.751410
14.7000,3.961929,6.176014,16.309697,10.550002
14.7100,3.876692,6.087012,16.684517,10.662540
14.7200,4.154146,5.125343,17.291227,9.656231
14.7300,4.584729,5.088533,16.981273,9.529175
14.7400,6.615572,5.005454,16.575022,10.996090
14.7500,7.986180,5.456792,18.014985,12.763200
14.7600,12.068644,5.508646,20.233534,12.843699
14.7700,13.733059,5.472515,19.275679,12.927537
14.7800,15.960659,5.084141,15.603030,13.265036
14.7900,15.086594,5.409816,17.147825,13.348806
14.8000,17.297825,5.437922,15.019129,13.803861
14.8100,13.010361,5.315008,12.733826,13.753384
14.8200,8.177187,5.116207,12.110976,13.776078
14.8300,6.002121,4.951758,11.637084,12.203923
14.8400,5.006943,4.872091,9.385642,10.977610
14.8500,2.801014,4.532304,6.572055,7.861458
14.8600,1.099028,3.842117,6.394094,5.871574
14.8700,0.941118,2.997371,6.350098,4.366950
14.8800,1.002461,2.460652,6.374198,3.652136
14.8900,1.582620,1.916792,5.652444,2.618535
14.9000,1.978411,0.722773,4.818860,2.141615
14.9100,12.931834,1.316725,3.530869,2.356742
14.9200,16.552169,1.972200,3.078476,2.567346
14.9300,19.624628,2.412404,2.769401,2.580879
14.9400,22.047136,2.393400,2.464656,2.432363
14.9500,22.643056,2.412726,2.345256,2.365732
14.9600,24.624923,2.435020,2.081072,2.290324
14.9700,26.380775,2.448098,1.985002,2.284936
14.9800,26.864826,2.463977,1.863711,2.222192
14.9900,27.625151,2.482766,1.688197,2.340824
15.0000,32.178747,3.596640,1.688197,2.404830
15.0100,28.013062,6.358656,1.691843,2.109017
15.0200,24.974623,5.393985,1.795070,1.561955
15.0300,20.325611,3.078690,1.631993,1.112877
15.0400,11.859077,4.286081,1.657857,1.116699
15.0500,7.063434,4.768294,1.621614,1.076595
15.0600,5.195921,4.547740,1.654891,1.231580
15.0700,3.549127,5.414451,1.901103,1.443647
15.0800,3.046925,5.595241,1.996595,1.854102
15.0900,2.970020,6.238273,3.235965,2.076361
15.1000,2.979459,6.627226,3.945448,2.341684
15.1100,2.809497,6.830526,4.660126,2.570219
15.1200,2.989100,7.295074,5.064590,2.906502
15.1300,3.171683,8.232665,5.292016,3.293353
15.1400,4.330236,8.049474,6.259606,4.229794
15.1500,6.940881,8.103944,7.266348,6.063317
15.1600,8.630740,8.227125,9.904087,6.677618
15.1700,14.992303,7.026199,8.246192,8.003047
15.1800,10.568881,6.151630,4.459387,7.009968
15.1900,6.337137,5.726580,2.651094,7.181501
15.2000,3.808177,4.648068,2.293988,6.622663
15.2100,3.062906,4.257159,1.958564,3.933561
15.2200,2.653528,3.690978,1.704850,3.350881
15.2300,2.181130,3.108192,1.462311,2.391588
15.2400,2.048665,2.999397,1.038595,2.037702
15.2500,1.320275,2.531423,0.935807,1.217548
15.2600,1.291882,1.917059,0.812159,1.071093
15.2700,1.257653,1.539837,0.837683,0.925056
15.2800,1.369771,1.562259,1.016986,0.896968
15.2900,1.324259,1.675686,1.048436,1.433604
15.3000,1.341031,1.849920,0.855565,1.426498
15.3100,1.315121,1.874325,0.785093,1.510402
15.3200,1.325315,1.897443,0.707804,1.520734
15.3300,1.325315,1.929164,0.639326,1.615725
15.3400,1.340949,1.932696,0.711567,1.617242
15.3500,1.373131,2.095425,0.734768,1.836994
15.3600,1.292513,2.035094,0.717082,2.165470
15.3700,1.302461,1.977310,0.583464,2.249031
15.3800,1.225147,1.805640,0.468338,2.173599
15.3900,1.320222,1.461307,0.481136,1.220937
15.4000,1.497840,1.121039,0.555157,1.114556
15.4100,1.563365,1.695736,0.592591,1.032013
15.4200,1.590448,1.470910,0.571008,0.999870
15.4300,1.616599,1.486644,0.544682,0.789389
15.4400,1.494314,1.464539,0.269856,0.768640
15.4500,1.202062,1.171427,0.220764,0.796769
15.4600,1.095817,0.898072,0.227390,0.647278
15.4700,0.951461,0.792167,0.255511,0.552371
15.4800,0.856664,0.605241,0.277007,0.504104
15.4900,0.815195,0.527283,0.263973,0.440460
15.5000,0.595307,0.396375,0.215990,0.565205
15.5100,0.504294,0.264722,0.221377,0.568300
15.5200,0.486042,0.252679,0.227747,0.845631
15.5300,0.455399,0.210761,0.228593,0.884623
15.5400,0.405942,0.171708,0.252359,0.872666
15.5500,0.426042,0.127393,0.262306,0.866321
15.5600,0.485844,0.123446,0.243273,0.909802
15.5700,0.565116,0.126997,0.198747,0.998164
15.5800,0.561344,0.135449,0.173224,1.078385
15.5900,0.559337,0.136498,0.163323,1.309545
15.6000,0.591457,0.157734,0.190272,1.313364
15.6100,0.702784,0.167184,0.195632,1.318773
15.6200,0.748473,0.152873,0.178809,0.782529
15.6300,0.850535,0.187677,0.175730,0.659716
15.6400,0.953398,0.272924,0.167844,0.660689
15.6500,0.944398,0.321488,0.148300,0.902178
15.6600,0.934997,0.241362,0.154097,1.070208
15.6700,1.060828,0.218501,0.184609,1.136027
15.6800,1.291249,0.201850,0.207565,1.123644
15.6900,1.810757,0.202356,0.212071,1.250917
15.7000,1.933592,0.186445,0.215868,1.360610
15.7100,2.013399,0.178547,0.186662,1.866902
15.7200,2.995738,0.172643,0.207448,1.796869
15.7300,3.378768,0.152544,0.203449,1.645599
15.7400,3.473279,0.136400,0.185290,1.589397
15.7500,3.178898,0.146769,0.206169,1.346731
15.7600,2.638216,0.179217,0.261505,1.321379
15.7700,2.524954,0.199595,0.340975,1.397383
15.7800,2.201026,0.205054,0.348957,1.368640
15.7900,1.791533,0.198906,0.359812,1.434957
15.8000,1.550312,0.217558,0.410529,1.570041
15.8100,1.525047,0.240379,0.435321,1.555839
15.8200,1.361785,0.239792,0.449455,1.647018
15.8300,1.100992,0.240519,0.502522,1.700621
15.8400,0.975644,0.253755,0.647288,1.821901
15.8500,0.742445,0.261699,0.734559,2.100245
15.8600,0.692976,0.267541,0.755669,2.076689
15.8700,0.663340,0.245597,0.761018,1.973695
15.8800,0.600069,0.219250,0.820079,1.979620
15.8900,0.649351,0.212125,0.762610,1.820026
15.9000,0.669713,0.191485,0.768531,1.607632
15.9100,0.601831,0.173292,0.738997,1.365816
15.9200,0.538524,0.166959,0.732551,1.231835
15.9300,0.480825,0.165155,0.740316,1.297948
15.9400,0.411652,0.151049,0.739889,1.674145
15.9500,0.429804,0.118123,0.722534,1.536169
15.9600,0.477942,0.115712,0.628549,1.554178
15.9700,0.479975,0.108060,0.541051,1.639267
15.9800,0.521545,0.116922,0.550565,1.689235
15.9900,0.510651,0.111511,0.591561,1.641220
16.0000,0.527816,0.121613,0.654839,1.726702
16.0100,0.534460,0.121940,0.836354,1.861304
16.0200,2.176585,0.121893,0.866258,1.914613
16.0300,3.611059,0.127480,0.814584,1.900405
16.0400,4.231016,0.133872,0.765705,1.092908
16.0500,5.400491,0.165894,0.661021,1.608965
16.0600,5.970797,0.168977,0.718670,2.199566
16.0700,6.182726,0.192005,0.924770,2.159690
16.0800,5.894590,0.196493,0.880465,2.181251
16.0900,6.061306,0.226292,0.861094,2.690732
16.1000,5.942893,0.234596,0.793207,2.544193
16.1100,5.990247,0.233387,0.666855,3.197850
16.1200,4.687089,0.293397,0.654048,3.185413
16.1300,3.267625,0.286444,0.634762,3.187573
16.1400,2.863862,0.251482,0.640723,2.911355
16.1500,2.071845,0.246199,0.684614,2.741365
16.1600,1.263091,0.245104,0.569947,2.503467
16.1700,0.872452,0.259590,0.484408,2.536694
16.1800,0.794293,0.278434,0.582004,2.458557
16.1900,0.772405,0.283036,0.623459,2.491144
16.2000,0.798325,0.284798,0.688784,2.657759
16.2100,0.804930,0.271799,0.621740,1.945837
16.2200,0.900444,0.214457,0.587929,1.869666
16.2300,0.964087,0.214307,0.615904,1.848892
16.2400,0.904500,0.293054,0.622416,2.293884
16.2500,1.276424,0.280849,0.689347,2.142186
16.2600,1.541409,0.264240,0.775515,2.008538
16.2700,1.320077,0.252790,0.771906,1.940816
16.2800,1.265762,0.236175,0.796425,1.963552
16.2900,1.287640,0.228989,0.822030,1.904719
16.3000,1.290648,0.186108,0.624957,1.937501
16.3100,1.274219,0.208815,0.627266,2.104889
16.3200,1.182314,0.233982,0.652982,2.260771
16.3300,1.166170,0.227014,0.660945,2.290057
16.3400,0.999693,0.167049,0.671161,2.027099
16.3500,0.714059,0.184549,0.683720,2.177845
16.3600,0.687120,0.192793,0.702722,2.526689
16.3700,0.759803,0.198867,0.684518,2.158654
16.3800,0.733198,0.210307,0.554517,2.262242
16.3900,0.673718,0.240237,0.481754,2.359438
16.4000,0.767547,0.252864,0.627370,2.265388
16.4100,0.816497,0.275121,0.682889,2.235590
16.4200,0.829249,0.262289,0.626145,2.401090
16.4300,0.821744,0.302376,0.524509,2.527021
16.4400,0.918332,0.337214,0.480977,2.486202
16.4500,0.923252,0.327355,0.477792,2.317614
16.4600,0.877840,0.401855,0.412909,2.154981
16.4700,0.879044,0.422495,0.394795,2.722881
16.4800,0.982442,0.425774,0.414626,2.889603
16.4900,1.048546,0.397816,0.410378,2.900257
16.5000,0.976588,0.458736,0.400087,3.231590
16.5100,0.934303,0.445907,0.409126,3.746790
16.5200,0.875733,0.508874,0.463302,3.712510
16.5300,0.957122,0.445655,0.566691,3.241728
16.5400,0.915276,0.435934,0.709412,3.305087
16.5500,0.835030,0.438557,0.783136,3.141218
16.5600,0.920365,0.464086,0.881975,3.379374
16.5700,1.176268,0.478844,0.713004,3.307983
16.5800,1.195291,0.464055,0.587067,3.243308
16.5900,1.107793,0.407427,0.635010,3.283029
16.6000,1.111437,0.353204,0.680172,2.883565
16.6100,1.133815,0.331102,0.685065,2.678893
16.6200,1.247735,0.261774,0.676942,2.461842
16.6300,1.230515,0.234235,0.667794,2.689372
16.6400,1.242063,0.227869,0.581854,2.700674
16.6500,1.333384,0.234097,0.522030,2.840531
16.6600,1.384074,0.233738,0.520257,2.789073
16.6700,1.034602,0.197433,0.684871,2.921292
16.6800,1.050254,0.191487,1.041776,2.745407
16.6900,1.302966,0.199372,1.226868,2.503875
16.7000,1.191119,0.217229,0.879068,3.146303
16.7100,1.143235,0.214592,0.463452,3.796282
16.7200,1.120918,0.203215,0.425284,3.937526
16.7300,1.101998,0.241973,0.428141,3.937927
16.7400,1.154769,0.280388,0.442064,3.923479
16.7500,1.198918,0.299988,0.426980,4.152204
16.7600,1.347126,0.324114,0.401454,4.153030
16.7700,1.531873,0.351445,0.351421,4.032529
16.7800,1.595876,0.377523,0.317448,3.990395
16.7900,1.509663,0.389104,0.265528,3.774645
16.8000,1.595181,0.378366,0.277601,3.599858
16.8100,1.716414,0.407973,0.466625,3.290632
16.8200,1.766009,0.503797,0.519841,3.251926
16.8300,1.644837,0.489318,0.461440,4.348658
16.8400,1.478211,0.425803,0.368334,4.287898
16.8500,1.451619,0.357442,0.279030,4.028412
16.8600,1.190969,0.335763,0.271497,4.133460
16.8700,1.181941,0.299779,0.272904,4.254658
16.8800,1.046854,0.262559,0.307540,4.237275
16.8900,0.905304,0.233570,0.313522,4.376996
16.9000,0.866784,0.338761,0.297812,4.750102
16.9100,0.775129,0.389921,0.277601,4.931269
16.9200,0.739139,0.401712,0.300612,4.436593
16.9300,0.763943,0.422063,0.309060,3.338162
16.9400,0.740323,0.432012,0.328869,3.030072
16.9500,0.704651,0.420543,0.470709,2.863463
16.9600,0.750075,0.426513,0.518812,2.830495
16.9700,0.757170,0.461372,0.515503,2.833384
16.9800,0.761694,0.469838,0.467269,2.993572
16.9900,0.730798,0.480508,0.454845,3.153558
17.0000,0.669448,0.448437,0.535518,3.446466
17.0100,0.625369,0.413352,0.564673,3.583679
17.0200,0.642950,0.414253,0.524547,3.992656
17.0300,0.643846,0.431923,0.594179,4.336117
17.0400,0.688108,0.401692,0.720925,5.064999
17.0500,0.663309,0.427376,0.796010,5.914415
17.0600,0.586869,0.416981,0.730529,5.697069
17.0700,0.565517,0.407245,0.874836,5.601435
17.0800,0.543899,0.414968,0.892663,5.524488
17.0900,0.517409,0.458357,1.030799,6.042976
17.1000,0.559199,0.422081,1.101347,5.276149
17.1100,0.672441,0.395780,1.283138,3.379086
17.1200,0.621331,0.354163,1.291767,2.760635
17.1300,0.653178,0.326311,1.277627,2.375441
17.1400,0.611467,0.387917,1.267569,2.158812
17.1500,0.610161,0.420291,1.283733,2.274136
17.1600,0.801433,0.448732,1.573011,2.401539
17.1700,0.909517,0.411817,1.432925,2.360394
17.1800,0.894551,0.372336,1.657378,2.544330
17.1900,0.815806,0.392438,1.745140,2.413051
17.2000,0.742586,0.391617,1.550921,2.418922
17.2100,0.731725,0.416686,1.400469,2.737208
17.2200,0.754756,0.435092,1.393673,2.787366
17.2300,0.701078,0.426915,1.397656,2.833626
17.2400,0.665554,0.417914,1.359766,2.818985
17.2500,0.711521,0.420156,1.343972,2.643387
17.2600,1.046705,0.387073,1.371660,2.703899
17.2700,1.306981,0.372890,1.721429,2.655068
17.2800,1.364629,0.435008,1.577495,2.709412
17.2900,1.015081,0.397040,1.429271,2.789126
17.3000,0.915537,0.356085,1.714782,2.677531
17.3100,0.942069,0.327462,1.697105,2.602795
17.3200,0.934263,0.283639,1.644910,2.349488
17.3300,0.989597,0.243834,1.653744,2.073313
17.3400,1.026216,0.241015,1.560484,2.020437
17.3500,1.017993,0.230461,1.551651,2.086894
17.3600,0.815931,0.228468,1.622316,2.226393
17.3700,0.550683,0.254550,1.290318,2.456501
17.3800,0.479707,0.245459,1.261469,2.497614
17.3900,0.623012,0.236168,1.313042,2.218423
17.4000,0.785793,0.267183,1.337664,2.197762
17.4100,0.757068,0.279620,1.359485,2.371706
17.4200,0.792060,0.305565,1.365097,2.765877
17.4300,0.724550,0.350290,1.363389,3.538466
17.4400,0.663846,0.361101,1.439048,3.660963
17.4500,0.641444,0.427996,1.443965,3.450532
17.4600,0.633800,0.496862,1.419620,3.274811
17.4700,0.664103,0.462066,2.135962,2.884272
17.4800,0.836184,0.374829,1.857016,2.485899
17.4900,0.970527,0.412422,1.430002,2.922614
17.5000,1.171306,0.400054,1.458348,3.318308
17.5100,0.670608,0.404162,1.469056,3.143339
17.5200,0.677329,0.412774,1.500155,2.975736
17.5300,0.708451,0.390304,1.518529,3.002786
17.5400,0.710008,0.386755,1.542884,3.070250
17.5500,0.706823,0.339199,1.524126,3.216895
17.5600,0.753785,0.270855,1.466865,3.203805
17.5700,0.780075,0.257747,1.035839,3.162274
17.5800,0.776961,0.275335,1.508919,2.990218
17.5900,0.705682,0.213448,2.934865,2.896591
17.6000,0.680686,0.188627,2.859288,3.020468
17.6100,1.361070,0.208490,2.789510,3.703290
17.6200,2.587501,0.184549,2.794504,3.771012
17.6300,3.502598,0.188040,2.723813,3.911951
17.6400,3.806647,0.208752,2.742429,3.899831
17.6500,4.513041,0.205241,2.552079,3.887352
17.6600,4.217635,0.334328,2.575668,5.865356
17.6700,4.473074,0.412966,2.631213,8.103328
17.6800,4.663425,0.433221,2.215010,8.972142
17.6900,5.070327,0.473224,1.968589,8.970349
17.7000,5.040104,0.524646,1.813713,9.160629
17.7100,5.789565,0.596790,1.912836,11.259770
17.7200,6.063975,0.631300,1.889172,14.702686
17.7300,5.740368,0.569441,1.855677,13.324375
17.7400,5.323866,0.551999,1.823795,12.445879
17.7500,5.109969,0.557730,1.985676,11.015256
17.7600,5.232717,0.490351,2.030298,9.486823
17.7700,5.129585,0.512308,1.904824,7.912371
17.7800,5.508711,0.583924,1.824617,7.403634
17.7900,6.825112,0.571961,1.779947,7.256290
17.8000,7.143682,0.570682,1.865902,6.454428
17.8100,6.881528,0.541064,1.669013,5.646918
17.8200,6.757537,0.712390,1.484129,5.196995
17.8300,6.338928,0.808758,1.528756,5.203158
17.8400,6.228686,0.841934,1.660216,5.287617
17.8500,6.169925,0.863521,1.697422,5.786662
17.8600,6.349754,1.063502,1.525697,6.119076
17.8700,6.174991,1.124518,1.438413,6.007810
17.8800,5.732051,1.128833,1.480419,5.886775
17.8900,4.588012,1.333177,1.533945,5.448614
17.9000,3.679734,1.316373,1.508237,5.575589
17.9100,3.889991,1.470135,1.506136,5.336338
17.9200,3.861450,1.240613,1.616739,5.038974
17.9300,4.218895,1.311975,1.564454,4.645995
17.9400,4.253628,1.485253,1.398038,4.194406
17.9500,4.229286,1.487293,1.357703,3.596968
17.9600,3.791093,1.348178,1.440472,2.420108
17.9700,3.778345,1.426417,1.531155,1.881812
17.9800,3.710718,1.424797,1.628261,1.927507
17.9900,3.186481,1.264502,1.529308,2.096725
18.0000,2.919256,1.308304,1.776022,2.032891
18.0100,2.507680,1.474270,1.880523,1.744478
18.0200,2.428490,1.964225,1.844511,2.778435
18.0300,2.306708,2.696019,1.923262,4.440641
18.0400,2.262989,3.346819,1.786922,4.708534
18.0500,2.149642,3.229606,1.661113,5.190903
18.0600,2.094836,3.323919,1.661113,5.761698
18.0700,2.114954,3.089876,1.583231,5.667129
18.0800,2.139040,3.541792,1.467628,6.324549
18.0900,2.245418,3.729426,1.478266,6.912879
18.1000,2.500866,4.204221,1.172116,7.102569
18.1100,2.512418,4.487395,1.177409,8.212474
18.1200,2.673887,4.797160,1.125464,8.337798
18.1300,2.679304,6.891383,1.234012,9.379367
18.1400,2.539708,7.345532,1.357703,11.929858
18.1500,2.557378,8.018332,1.427783,13.467568
18.1600,2.605660,7.865004,1.402502,13.717434
18.1700,2.342274,7.480237,0.627754,13.775885
18.1800,2.071719,5.659500,0.472168,12.649097
18.1900,1.366009,5.283457,0.209290,11.179856
18.2000,1.292132,5.170242,0.192032,9.646575
18.2100,1.142346,5.075095,0.108992,9.373885
18.2200,1.034826,5.224362,0.105652,10.008825
18.2300,0.986925,4.261402,0.112915,8.752081
18.2400,0.758499,4.152350,0.116579,7.313162
18.2500,0.668144,3.684887,0.111268,6.112374
18.2600,0.621331,3.405713,0.114650,5.552431
18.2700,0.583743,2.615265,0.091300,5.384188
18.2800,0.539716,2.294013,0.082839,5.253456
18.2900,0.726396,2.016697,0.085807,4.743412
18.3000,0.889310,1.748472,0.087802,4.779415
18.3100,1.016423,1.628000,0.114145,4.602797
18.3200,1.148781,0.974866,0.120371,3.949837
18.3300,1.195999,1.280622,0.110537,4.016258
18.3400,1.423500,1.270222,0.104628,4.574004
18.3500,1.608588,1.545199,0.107660,5.677855
18.3600,1.563887,1.671843,0.104658,5.123194
18.3700,1.271378,1.885512,0.149978,4.998351
18.3800,1.184669,2.226304,0.257672,4.887381
18.3900,1.154016,2.640075,0.454174,5.010324
18.4000,1.127885,3.075815,0.854571,5.260021
18.4100,1.070931,3.411359,0.891688,5.052248
18.4200,0.922789,4.470662,1.429117,4.939016
18.4300,0.826336,4.191092,1.559747,5.170586
18.4400,0.782582,4.272630,1.926408,5.125798
18.4500,0.800102,4.220304,2.391612,4.589737
18.4600,0.802698,4.518790,2.434899,6.047491
18.4700,1.038510,5.902240,2.416439,8.490019
18.4800,1.253543,7.574768,2.397239,9.795338
18.4900,1.265995,8.644101,2.324011,10.704726
18.5000,1.221796,8.838336,2.174977,9.328709
18.5100,1.264447,8.828728,2.345936,8.986541
18.5200,1.265731,8.883566,2.289617,7.703955
18.5300,1.303858,9.850921,2.137081,6.522191
18.5400,1.229954,10.054734,1.972724,6.372608
18.5500,1.153919,10.049067,1.522145,5.859508
18.5600,1.187567,10.175470,1.336113,5.706045
18.5700,1.005236,9.227445,1.253855,4.550925
18.5800,1.121839,8.105188,1.246050,4.663690
18.5900,1.067210,8.676553,1.249915,4.391565
18.6000,1.021045,8.951999,1.255752,4.465167
18.6100,0.976559,9.593614,1.228539,4.438280
18.6200,0.915666,9.842608,1.223081,4.927027
18.6300,1.030695,9.897179,1.314056,5.628376
18.6400,1.135571,9.795288,1.478364,6.698581
18.6500,1.210951,10.171987,1.536449,7.123805
18.6600,1.389965,10.389958,1.896850,7.045870
18.6700,1.518360,9.822764,1.929368,7.088667
18.6800,1.555937,9.891821,1.877780,8.402615
18.6900,1.605975,11.189185,1.891487,10.883152
18.7000,1.258075,11.462217,1.979875,7.984991
18.7100,1.312363,12.204040,2.008521,7.919803
18.7200,1.436818,12.204040,2.071878,7.967785
18.7300,1.543925,11.928161,2.086438,8.297253
18.7400,1.585422,13.091931,2.083868,8.009367
18.7500,1.667664,11.516962,2.247871,7.562180
18.7600,1.562984,11.340600,2.128596,7.763333
18.7700,1.450398,11.945608,2.690223,7.962710
18.7800,1.587448,12.066659,2.852470,7.046921
18.7900,1.543275,10.917969,2.320091,5.268789
18.8000,2.226769,11.285875,0.933055,7.426336
18.8100,2.546210,11.516424,0.867396,8.626498
18.8200,2.244358,12.038932,0.651878,7.772337
18.8300,2.252512,12.475506,0.576457,6.621349
18.8400,2.348244,11.644157,0.384441,5.582186
18.8500,2.524616,13.065409,0.324194,5.621297
18.8600,2.574809,15.609761,0.196637,5.632801
18.8700,2.697476,15.973560,0.139257,5.140904
18.8800,2.605660,16.413420,0.108485,5.686704
18.8900,2.747866,16.431328,0.085111,6.333610
18.9000,2.694123,14.840808,0.083084,6.668274
18.9100,3.010724,14.887979,0.069201,6.106621
18.9200,4.070329,13.699207,0.057139,6.984635
18.9300,4.341206,13.696989,0.047455,7.669855
18.9400,3.243618,11.084187,0.043830,9.169420
18.9500,2.812286,8.925613,0.039106,8.693500
18.9600,2.791404,6.920584,0.038460,8.402152
18.9700,2.703015,4.414282,0.037048,10.491504
18.9800,2.618838,3.764972,0.033729,10.221493
18.9900,3.005861,3.690978,0.034431,9.590585
19.0000,3.169659,3.699108,0.031534,7.439549
19.0100,1.756703,3.321880,0.030012,6.388525
19.0200,1.563920,3.006516,0.030666,6.344636
19.0300,1.459269,2.599087,0.029066,5.552714
19.0400,1.423758,2.531764,0.028373,4.179952
19.0500,1.387980,2.389023,0.027199,3.742190
19.0600,1.279979,2.444026,0.024743,3.778569
19.0700,1.156696,2.465736,0.024135,3.245025
19.0800,1.068794,2.424826,0.025719,3.091842
19.0900,0.875818,2.162491,0.023872,2.901104
19.1000,0.749008,1.847702,0.026858,2.725381
19.1100,0.981231,1.843255,0.026730,2.673941
19.1200,1.083940,1.784442,0.026289,2.510230
19.1300,1.107793,1.935200,0.028602,2.519665
19.1400,1.067210,1.705801,0.028920,2.846047
19.1500,1.117549,1.428205,0.031778,2.999427
19.1600,1.173551,1.039533,0.038461,2.694074
19.1700,1.299933,1.058160,0.040909,2.552752
19.1800,1.359937,1.198728,0.038238,2.991512
19.1900,1.372983,1.351300,0.039138,3.226584
19.2000,1.532271,1.585266,0.041705,3.528811
19.2100,1.388831,1.550576,0.047954,3.717809
19.2200,1.209978,1.418374,0.052392,3.690106
19.2300,1.266544,1.457119,0.055335,3.550821
19.2400,1.295528,1.476976,0.063686,3.527830
19.2500,1.302280,1.686919,0.067669,3.699861
19.2600,1.607731,2.045997,0.062499,3.796133
19.2700,3.065219,2.114623,0.071792,3.841886
19.2800,3.092432,1.751827,0.089967,3.412045
19.2900,3.029241,1.707766,0.103201,3.060843
19.3000,3.121066,1.679564,0.097707,3.101461
19.3100,3.049132,1.635308,0.100331,2.756642
19.3200,3.109446,1.698223,0.098821,2.471831
19.3300,3.222825,1.626242,0.091395,2.615286
19.3400,3.036720,1.669257,0.084114,2.543953
19.3500,3.054723,1.637381,0.081129,2.247533
19.3600,3.108467,1.653750,0.086558,1.946842
19.3700,3.310474,1.308812,0.096202,1.905327
19.3800,3.540518,1.511201,0.100091,1.954896
19.3900,3.669415,1.411770,0.130452,2.124996
19.4000,3.951128,2.890638,0.186284,3.481216
19.4100,4.146670,3.105002,0.190219,3.813054
19.4200,4.410608,3.174517,0.206771,3.910982
19.4300,4.421598,3.334706,0.247091,4.631186
19.4400,4.519651,3.330365,0.258650,4.546074
19.4500,4.416691,3.614083,0.263297,4.985011
19.4600,4.674804,3.690978,0.273327,8.571428
19.4700,4.445192,3.904539,0.353132,9.548626
19.4800,4.130207,3.893334,0.592623,8.737104
19.4900,3.724267,3.939250,0.909508,7.962155
19.5000,3.118478,2.248922,1.048616,5.961665
19.5100,2.970290,2.213700,1.210905,5.861112
19.5200,2.224789,2.343771,1.565215,5.800594
19.5300,2.239150,2.749402,1.500619,3.679992
19.5400,2.437766,3.519038,1.383232,3.923952
19.5500,2.385704,5.337600,1.337816,3.390104
19.5600,2.441799,6.002500,1.405083,3.227611
19.5700,2.777462,5.949887,1.665536,3.201476
19.5800,2.835855,6.018705,1.721516,3.317646
19.5900,3.009607,7.117010,1.709432,2.928408
19.6000,3.220882,7.866169,1.832311,5.195165
19.6100,3.391055,7.517405,2.066959,5.505468
19.6200,3.427037,6.817633,2.215086,5.704495
19.6300,3.473611,7.616304,2.285881,5.914441
19.6400,3.927818,8.528396,2.230831,10.886277
19.6500,5.301367,9.020860,2.257709,15.951634
19.6600,5.608835,9.166738,2.250929,20.386577
19.6700,5.213362,10.617121,2.166180,19.552994
19.6800,3.474009,9.886548,2.087770,21.286688
19.6900,2.817707,7.677235,2.012095,21.246531
19.7000,2.323569,4.271581,1.865902,21.167667
19.7100,1.767864,3.837155,1.727919,17.151987
19.7200,1.387479,3.712191,1.595552,15.670199
19.7300,0.994860,3.329832,1.497080,13.423038
19.7400,0.943334,2.940956,1.506555,11.374077
19.7500,0.884494,2.795733,1.486462,9.754897
19.7600,0.868947,2.438265,1.517240,8.624385
19.7700,0.968912,1.584111,1.688197,7.929075
19.7800,1.914899,1.053119,1.763467,6.214810
19.7900,2.690714,0.847217,1.880810,5.932531
19.8000,3.230165,0.826389,1.909409,4.691992
19.8100,4.096961,0.597070,1.786858,3.605265
19.8200,4.554950,0.535684,1.698748,2.901772
19.8300,6.108197,0.521693,1.793054,2.536273
19.8400,6.340822,0.554745,1.918405,2.304127
19.8500,6.710853,0.614434,1.889172,2.319922
19.8600,7.421125,0.867158,1.796163,1.819757
19.8700,8.165357,1.047004,1.678148,1.862083
19.8800,8.640234,1.193204,1.650045,1.887095
19.8900,8.773996,1.568666,1.613580,2.122053
19.9000,8.566064,1.694546,1.555616,2.248212
19.9100,7.853354,2.411719,1.615586,2.446998
19.9200,7.832319,2.628749,1.724502,2.749615
19.9300,7.329797,2.742804,1.715573,3.177121
19.9400,7.128304,2.942084,1.608230,3.626415
19.9500,6.769049,3.382093,1.564901,3.825581
19.9600,6.037575,3.597484,1.559045,5.054593
19.9700,4.419429,4.312324,1.596447,5.442053
19.9800,2.816889,5.666518,1.545933,6.136656
19.9900,2.721571,6.554415,1.609217,6.971378
20.0000,2.579575,7.015909,1.753546,7.157796
20.0100,2.303706,6.696711,1.787502,7.016296
20.0200,2.233301,6.536107,1.535649,6.968414
20.0300,2.403003,6.747824,1.382986,6.865143
20.0400,2.429180,7.053869,1.423189,6.929728
20.0500,2.321517,6.864863,1.173019,5.689893
20.0600,2.332959,6.343868,0.355018,4.416668
20.0700,2.344122,6.137122,0.143497,4.038846
20.0800,2.361067,6.019810,0.115332,4.099734
20.0900,2.246964,6.706285,0.118829,3.745340
20.1000,1.703701,7.549728,0.119886,3.365326
20.1100,1.512271,8.419202,0.102125,3.168676
20.1200,1.231168,8.506551,0.076045,2.748245
20.1300,0.942785,8.178872,0.068935,2.681059
20.1400,0.782818,6.722853,0.065350,2.164843
20.1500,0.626869,6.609730,0.053967,1.770874
20.1600,0.548379,6.484151,0.040759,1.529608
20.1700,0.535528,6.874137,0.042725,1.559023
20.1800,0.558694,5.306771,0.039564,3.943117
20.1900,0.604203,5.130317,0.037234,4.686750
20.2000,0.582062,3.923820,0.037067,4.617758
20.2100,0.535590,2.943919,0.037770,4.670548
20.2200,0.580030,2.815153,0.038307,4.484804
20.2300,0.577069,2.902859,0.038271,4.288142
20.2400,0.601620,2.529175,0.037053,4.566198
20.2500,0.607610,2.100170,0.038397,4.791204
20.2600,0.640785,2.000802,0.045601,4.817617
20.2700,0.633935,1.675510,0.046768,4.385712
20.2800,0.622530,1.514247,0.055570,3.514174
20.2900,0.600458,1.438856,0.070878,3.105125
20.3000,0.661281,1.141701,0.079308,3.029208
20.3100,0.954005,1.149384,0.090071,2.896886
20.3200,0.956097,1.029849,0.111907,2.893871
20.3300,1.077288,0.914432,0.117843,2.823459
20.3400,1.029959,0.727340,0.122411,2.339583
20.3500,1.125302,0.704337,0.127490,2.152520
20.3600,1.548381,0.645382,0.137781,1.803485
20.3700,1.909004,0.593193,0.150524,1.918020
20.3800,2.033189,0.601384,0.253230,2.300376
20.3900,4.168200,0.564410,0.338341,2.927197
20.4000,7.467701,0.686823,0.323908,3.851879
20.4100,8.954865,0.799804,0.377262,4.796708
20.4200,9.142550,0.789994,0.397223,5.222104
20.4300,8.627927,0.783159,0.404372,5.832533
20.4400,3.728296,0.831323,0.370580,5.935889
20.4500,3.233805,0.854439,0.376722,6.035858
20.4600,3.083126,0.870705,0.379393,5.856391
20.4700,3.052470,1.024683,0.396599,6.242055
20.4800,3.073521,1.174932,0.391626,6.162381
20.4900,2.850836,1.268000,0.465410,5.645052
20.5000,2.351369,1.255062,0.634543,5.149265
20.5100,1.963909,1.287466,0.675279,4.570475
20.5200,1.321663,1.464639,0.657423,4.012791
20.5300,1.052123,1.622408,0.674471,3.528350
20.5400,1.491758,1.697394,1.004740,3.003743
20.5500,2.092059,1.794392,1.222487,2.825862
20.5600,2.800479,1.666533,1.271929,2.699708
20.5700,2.502115,1.384117,1.296731,2.339569
20.5800,2.306659,1.106727,1.288575,1.920886
20.5900,1.917523,1.170443,1.340377,1.645673
20.6000,1.213929,1.359983,1.390794,2.690707
20.6100,1.201340,1.632323,1.397452,5.189500
20.6200,1.266067,1.681246,1.526053,6.438775
20.6300,1.657954,1.701494,1.585258,7.436178
20.6400,1.839330,1.848418,1.604829,7.771572
20.6500,1.922680,1.922384,1.604829,7.291525
20.6600,1.922680,2.040746,1.471002,6.857723
20.6700,1.961733,2.127895,1.709432,6.364362
20.6800,1.888949,2.183829,1.777049,7.002179
20.6900,2.073431,2.350174,1.857016,7.098983
20.7000,3.074375,2.744266,1.779177,7.022109
20.7100,2.774436,3.398301,1.870158,5.423065
20.7200,2.742434,3.913550,1.846157,5.195165
20.7300,2.435043,4.980528,1.697176,5.303028
20.7400,2.141796,5.350680,1.759655,5.170987
20.7500,1.788760,5.536467,1.788576,5.305492
20.7600,1.809646,6.345643,1.760419,5.536340
20.7700,1.802010,5.501647,1.569429,6.142865
20.7800,2.008315,5.237199,1.539238,5.854481
20.7900,1.828875,4.658955,1.449462,6.009291
20.8000,1.793819,4.483188,1.492093,5.886214
20.8100,1.833295,4.378600,1.371124,6.477210
20.8200,1.946171,4.592062,1.281298,6.896325
20.8300,1.669272,4.515558,1.361750,6.803831
20.8400,1.135841,4.325365,1.287608,6.900726
20.8500,1.122944,4.407138,1.350557,7.187788
20.8600,1.146155,4.263946,1.437379,7.795473
20.8700,1.375386,4.465952,1.555988,8.652680
20.8800,1.378996,3.967801,1.646513,8.288992
20.8900,1.316964,3.981072,1.599344,7.088706
20.9000,1.286178,3.817217,1.518378,6.253521
20.9100,1.381765,3.426478,1.460575,6.089260
20.9200,1.308454,3.165402,1.457988,6.135708
20.9300,1.432881,2.554866,1.357897,5.448890
20.9400,1.380155,2.184889,1.257355,4.306414
20.9500,1.461762,1.808579,1.222802,3.970869
20.9600,1.480136,1.590587,1.211098,3.349207
20.9700,1.441608,0.767408,1.192748,1.956366
20.9800,1.432815,0.811459,1.200495,1.848593
20.9900,1.487403,0.896718,1.197771,1.890612
21.0000,1.497515,1.145150,1.258994,1.937970
21.0100,2.100316,1.205217,1.311912,1.951575
21.0200,2.467330,1.460219,1.356587,2.354072
21.0300,2.413406,1.618626,1.574964,2.496081
21.0400,2.781363,1.913139,1.732046,3.042943
21.0500,2.210702,1.984457,1.794373,3.231320
21.0600,2.200849,2.167858,1.874556,3.148555
21.0700,2.155685,2.709647,2.050762,3.107038
21.0800,2.206543,3.572902,2.090148,3.082699
21.0900,2.227260,3.690978,2.121652,3.131473
21.1000,2.257529,3.660073,2.273898,3.110263
21.1100,1.891500,3.758168,2.420142,3.198291
21.1200,1.640031,3.605871,2.428228,2.951957
21.1300,1.739072,3.699683,2.349309,3.448515
21.1400,1.945352,3.363823,2.351417,3.870492
21.1500,2.658703,3.333262,2.370923,4.007070
21.1600,2.487437,3.027431,1.015055,4.222355
21.1700,2.512959,2.991202,0.891973,4.449398
21.1800,2.467037,2.665325,0.812835,4.949647
21.1900,2.447081,2.502595,0.766480,5.106295
21.2000,2.546318,2.446178,0.647061,5.662448
21.2100,2.614986,2.327081,0.578949,5.301460
21.2200,2.931439,2.195755,0.470037,5.008777
21.2300,2.726666,2.023417,0.426518,5.860392
21.2400,1.992705,2.176372,0.383590,6.636872
21.2500,1.240307,2.095725,0.271317,4.990464
21.2600,1.178640,1.847444,0.287986,3.180876
21.2700,1.218118,1.243308,0.268451,2.358214
21.2800,1.459401,1.750285,0.229026,3.557558
21.2900,1.134920,1.376470,0.269331,2.421808
21.3000,1.422150,1.349468,0.221144,3.269728
21.3100,1.135720,1.670449,0.283153,2.792132
21.3200,1.326824,1.104138,0.231753,2.549393
21.3300,1.286374,1.912087,0.269930,3.252630
21.3400,1.226618,1.150008,0.250148,2.237187
21.3500,1.444198,1.803887,0.234881,3.578354
21.3600,1.138114,1.363145,0.268507,2.397558
21.3700,1.426703,1.374022,0.220998,3.309900
21.3800,1.131405,1.661829,0.282831,2.780141
21.3900,1.335593,1.105635,0.231284,2.570995
21.4000,1.276402,1.905836,0.271748,3.227143
21.4100,1.225484,1.143908,0.248156,2.240000
21.4200,1.441024,1.818000,0.236600,3.577731
21.4300,1.146071,1.359982,0.268473,2.380368
21.4400,1.436839,1.381696,0.222222,3.338983
