Time (s),Gait Cycle (%),RA/ES,IL/GMax,RF/BF,TAIO/MF,RA/GMax,RA/MF,IL/ES,IL/BF,IL/MF,RF/GMax,TAIO/ES,TAIO/GMax
9.8500,0.00,0.026622,0.024729,0.014813,0.086140,0.033606,0.023170,0.049924,0.265250,0.097051,0.021907,0.046179,0.023620
9.8600,0.47,0.026982,0.024735,0.015183,0.083871,0.034043,0.023527,0.049603,0.265496,0.094466,0.022608,0.045851,0.023611
9.8700,0.93,0.028599,0.024609,0.015369,0.083455,0.036338,0.024824,0.049377,0.265496,0.093860,0.023003,0.045683,0.023504
9.8800,1.40,0.029555,0.024488,0.015742,0.082621,0.037554,0.025517,0.048491,0.265742,0.092907,0.023763,0.044891,0.023388
9.8900,1.86,0.029594,0.024550,0.015761,0.082039,0.037596,0.025546,0.048673,0.265977,0.093464,0.023784,0.044665,0.023321
9.9000,2.33,0.029692,0.024408,0.015717,0.081044,0.037721,0.025606,0.048264,0.255220,0.092699,0.023670,0.044172,0.023147
9.9100,2.79,0.029712,0.024863,0.015981,0.080226,0.037431,0.025647,0.048170,0.237873,0.091937,0.023878,0.044018,0.023535
9.9200,3.26,0.029876,0.025584,0.016088,0.079669,0.037219,0.025799,0.048211,0.235860,0.091643,0.023822,0.043937,0.024147
9.9300,3.72,0.030061,0.025785,0.016279,0.079342,0.037327,0.025951,0.048117,0.236090,0.091291,0.024116,0.043839,0.024322
9.9400,4.19,0.030560,0.025957,0.016661,0.078616,0.037660,0.026258,0.047142,0.235403,0.090304,0.024770,0.043033,0.024487
9.9500,4.65,0.031129,0.025692,0.016866,0.077732,0.038498,0.026712,0.046781,0.232720,0.089233,0.025221,0.042716,0.024246
9.9600,5.12,0.032241,0.025736,0.017265,0.075726,0.039834,0.027662,0.046271,0.229619,0.086657,0.025931,0.042304,0.024295
9.9700,5.58,0.032312,0.026080,0.017265,0.074763,0.039624,0.027737,0.045988,0.230275,0.085613,0.025815,0.042014,0.024585
9.9800,6.05,0.031963,0.025770,0.017307,0.073803,0.039143,0.027405,0.045236,0.223430,0.084520,0.025931,0.041339,0.024295
9.9900,6.51,0.033007,0.025655,0.017351,0.073484,0.040384,0.028115,0.044486,0.216651,0.084224,0.025978,0.040665,0.024179
10.0000,6.98,0.033447,0.025554,0.017412,0.072369,0.040282,0.028071,0.042144,0.209773,0.083499,0.026050,0.038467,0.024005
10.0100,7.45,0.039492,0.025237,0.017612,0.071734,0.042744,0.032381,0.040718,0.195878,0.082751,0.026358,0.037234,0.023715
10.0200,7.91,0.048001,0.025284,0.017685,0.067954,0.040063,0.038927,0.040082,0.189402,0.078736,0.026383,0.036479,0.023658
10.0300,8.38,0.053349,0.025511,0.017704,0.063148,0.039399,0.043035,0.038269,0.187829,0.072835,0.026309,0.034883,0.023831
10.0400,8.84,0.057629,0.028700,0.017847,0.061865,0.044612,0.045888,0.037173,0.197659,0.071728,0.025640,0.033797,0.026534
10.0500,9.31,0.056986,0.031416,0.017866,0.059820,0.050122,0.045872,0.037127,0.196095,0.069188,0.024899,0.033737,0.028867
10.0600,9.77,0.059026,0.033582,0.018267,0.059493,0.053611,0.047258,0.036823,0.199350,0.069102,0.025096,0.033373,0.030630
10.0700,10.24,0.054898,0.034238,0.018569,0.054185,0.054762,0.049115,0.034305,0.199575,0.062398,0.025449,0.031232,0.031175
10.0800,10.70,0.056005,0.034570,0.018529,0.056597,0.055340,0.048398,0.034900,0.205229,0.065588,0.025384,0.031695,0.031417
10.0900,11.17,0.055931,0.036110,0.018952,0.060978,0.058846,0.047973,0.034692,0.198078,0.070067,0.025633,0.031820,0.033036
10.1000,11.63,0.054610,0.036160,0.019312,0.062949,0.060037,0.047519,0.033582,0.175350,0.070822,0.025838,0.031295,0.033563
10.1100,12.10,0.054912,0.037670,0.019477,0.063005,0.060521,0.048396,0.033863,0.211543,0.070701,0.026322,0.031590,0.034942
10.1200,12.56,0.057334,0.040585,0.019658,0.067996,0.059368,0.047773,0.035120,0.213725,0.076792,0.026065,0.032693,0.037480
10.1300,13.03,0.061223,0.041009,0.020121,0.068219,0.059532,0.048081,0.036975,0.217477,0.076760,0.026763,0.034404,0.037943
10.1400,13.49,0.060784,0.043161,0.021450,0.066974,0.058458,0.048565,0.039207,0.280697,0.074603,0.029198,0.036560,0.040045
10.1500,13.96,0.061434,0.043278,0.021538,0.069446,0.060147,0.049420,0.041076,0.297687,0.077215,0.029478,0.038315,0.040263
10.1600,14.43,0.063437,0.045522,0.023025,0.102723,0.062574,0.047091,0.043991,0.295894,0.115619,0.031471,0.041226,0.042593
10.1700,14.89,0.069450,0.050676,0.024271,0.106477,0.065953,0.050861,0.044549,0.287819,0.119185,0.032408,0.041890,0.047378
10.1800,15.36,0.075117,0.060336,0.026742,0.106075,0.068359,0.056100,0.047413,0.273392,0.115863,0.034416,0.045069,0.056836
10.1900,15.82,0.076103,0.062317,0.041059,0.107185,0.070358,0.058214,0.050862,0.277519,0.115940,0.056625,0.048515,0.059031
10.2000,16.29,0.072710,0.070065,0.046392,0.107799,0.067887,0.058402,0.057942,0.279553,0.116871,0.062991,0.054959,0.065997
10.2100,16.75,0.075774,0.080687,0.050515,0.115847,0.068762,0.060637,0.061141,0.278573,0.125910,0.066410,0.057914,0.075634
10.2200,17.22,0.076484,0.084698,0.051922,0.118785,0.068777,0.061106,0.062294,0.287203,0.129626,0.067846,0.058869,0.079075
10.2300,17.68,0.077524,0.084665,0.052094,0.122089,0.069881,0.061889,0.062816,0.284406,0.130768,0.067991,0.060088,0.080240
10.2400,18.15,0.079630,0.084059,0.052572,0.122479,0.071405,0.063060,0.061746,0.280779,0.130445,0.068710,0.059312,0.080039
10.2500,18.61,0.081599,0.084350,0.053411,0.123068,0.072708,0.064261,0.061075,0.277557,0.130021,0.069755,0.058987,0.080811
10.2600,19.08,0.088386,0.084861,0.054114,0.122685,0.078109,0.068885,0.060661,0.280478,0.130041,0.070801,0.058482,0.081086
10.2700,19.54,0.092162,0.085237,0.055007,0.116877,0.081024,0.071472,0.060404,0.280201,0.129596,0.072030,0.056655,0.078641
10.2800,20.01,0.092329,0.085305,0.057553,0.117163,0.081224,0.071547,0.060557,0.292607,0.130361,0.076449,0.056682,0.078511
10.2900,20.47,0.092878,0.085374,0.054655,0.117163,0.081624,0.071880,0.060482,0.368112,0.130495,0.077945,0.056581,0.078511
10.3000,20.94,0.092639,0.085582,0.054443,0.117622,0.081424,0.071744,0.060601,0.358910,0.130688,0.077945,0.056768,0.078840
10.3100,21.41,0.094558,0.085831,0.054137,0.118707,0.083030,0.073081,0.060742,0.343510,0.131170,0.078321,0.057086,0.079400
10.3200,21.87,0.096980,0.086013,0.053623,0.118524,0.085057,0.074798,0.060846,0.332170,0.131307,0.078133,0.057086,0.079400
10.3300,22.34,0.097018,0.085252,0.053460,0.118666,0.086368,0.075646,0.061002,0.327714,0.131449,0.078387,0.057231,0.078742
10.3400,22.80,0.096462,0.085362,0.053382,0.118808,0.087813,0.076840,0.061066,0.323980,0.131664,0.078387,0.057273,0.078814
10.3500,23.27,0.093240,0.085621,0.053356,0.119098,0.097126,0.084511,0.061216,0.318086,0.132174,0.078387,0.057359,0.078962
10.3600,23.73,0.087839,0.084931,0.053330,0.119245,0.117422,0.101089,0.060816,0.332483,0.130818,0.078387,0.057402,0.079036
10.3700,24.20,0.085554,0.084551,0.053537,0.119098,0.127641,0.110024,0.060596,0.341200,0.130071,0.078765,0.057359,0.078962
10.3800,24.66,0.084158,0.084483,0.053537,0.118808,0.125232,0.116222,0.060557,0.342794,0.129938,0.078765,0.057273,0.078814
10.3900,25.13,0.081926,0.084184,0.060374,0.118707,0.121378,0.127496,0.060383,0.350009,0.129561,0.091467,0.057190,0.078670
10.4000,25.59,0.081812,0.083957,0.088643,0.118291,0.121182,0.128127,0.060252,0.355664,0.129115,0.121873,0.057067,0.078458
10.4100,26.06,0.081550,0.083862,0.095065,0.118611,0.120729,0.129533,0.060197,0.358100,0.129136,0.118617,0.057107,0.078528
10.4200,26.52,0.081513,0.083705,0.132950,0.118155,0.120664,0.129816,0.060106,0.362174,0.128618,0.105637,0.057027,0.078389
10.4300,26.99,0.081144,0.083642,0.143623,0.118201,0.119720,0.132935,0.060182,0.363283,0.128703,0.103147,0.057089,0.078320
10.4400,27.45,0.080788,0.083642,0.163182,0.118336,0.119107,0.135081,0.060182,0.363283,0.128703,0.099436,0.057129,0.078389
10.4500,27.92,0.080682,0.082715,0.188292,0.118518,0.117571,0.135651,0.060110,0.367088,0.128666,0.094782,0.057129,0.077664
10.4600,28.39,0.080508,0.082775,0.205114,0.118115,0.117276,0.136731,0.060146,0.365447,0.128788,0.092822,0.057011,0.077463
10.4700,28.85,0.080133,0.082130,0.228914,0.117983,0.116639,0.139119,0.059765,0.383672,0.127492,0.090513,0.056972,0.077398
10.4800,29.32,0.080146,0.081369,0.237067,0.117903,0.116073,0.141226,0.059535,0.407409,0.126162,0.089821,0.057100,0.077268
10.4900,29.78,0.079364,0.080595,0.246695,0.118263,0.114183,0.148816,0.059291,0.433725,0.124997,0.089037,0.057303,0.077268
10.5000,30.25,0.078816,0.080244,0.260158,0.118314,0.112424,0.156654,0.059404,0.447023,0.124481,0.088061,0.057571,0.077205
10.5100,30.71,0.079027,0.079374,0.261860,0.118238,0.111943,0.158857,0.059198,0.483333,0.122908,0.087945,0.057801,0.077079
10.5200,31.18,0.078740,0.078875,0.263567,0.118112,0.111472,0.161166,0.058894,0.506654,0.121892,0.087829,0.057763,0.077017
10.5300,31.64,0.077973,0.077663,0.263900,0.117918,0.109676,0.170448,0.058362,0.539797,0.119609,0.087829,0.057854,0.076834
10.5400,32.11,0.078588,0.076517,0.264572,0.117377,0.107616,0.175330,0.058816,0.526464,0.118552,0.086947,0.058454,0.075949
10.5500,32.57,0.078978,0.074472,0.264572,0.117613,0.104816,0.177525,0.058816,0.514534,0.117588,0.085191,0.058823,0.074484
10.5600,33.04,0.085621,0.073170,0.264572,0.118261,0.103247,0.179401,0.062651,0.502734,0.117148,0.084318,0.063036,0.073675
10.5700,33.50,0.104374,0.072779,0.264911,0.118149,0.102507,0.182533,0.073870,0.492616,0.116628,0.084318,0.074574,0.073465
10.5800,33.97,0.176592,0.071881,0.272546,0.117859,0.100639,0.180620,0.113870,0.483569,0.115973,0.083031,0.115700,0.072720
10.5900,34.43,0.176932,0.070614,0.289623,0.116172,0.099155,0.176923,0.139769,0.464978,0.113123,0.081301,0.144087,0.071978
10.6000,34.90,0.164020,0.070344,0.294451,0.124401,0.098824,0.189576,0.177876,0.452956,0.120547,0.081117,0.185116,0.071881
10.6100,35.37,0.154666,0.068169,0.300584,0.154065,0.096566,0.173313,0.208736,0.415113,0.148635,0.079352,0.218096,0.069605
10.6200,35.83,0.155017,0.067320,0.297109,0.177993,0.095136,0.166627,0.214034,0.427918,0.170876,0.078519,0.224221,0.068782
10.6300,36.30,0.163573,0.067254,0.293126,0.187738,0.093664,0.173662,0.216245,0.466914,0.179652,0.078349,0.227099,0.068782
10.6400,36.76,0.165477,0.066366,0.297628,0.198093,0.091765,0.176694,0.230482,0.446479,0.187448,0.077439,0.245248,0.068191
10.6500,37.23,0.165457,0.068031,0.296443,0.210030,0.094447,0.177238,0.246165,0.447575,0.197102,0.079924,0.264527,0.070157
10.6600,37.69,0.166388,0.068606,0.302434,0.234820,0.094984,0.174919,0.259428,0.452527,0.219308,0.080412,0.279603,0.070788
10.6700,38.16,0.164075,0.067856,0.318881,0.258002,0.093656,0.171841,0.282194,0.496206,0.239724,0.078479,0.305732,0.070040
10.6800,38.62,0.186720,0.063513,0.355095,0.279953,0.082727,0.200576,0.334443,0.517133,0.260163,0.071546,0.363471,0.065365
10.6900,39.09,0.192663,0.087299,0.360733,0.287934,0.119450,0.209959,0.362892,0.594026,0.267729,0.100504,0.394934,0.090476
10.7000,39.55,0.217122,0.135775,0.372779,0.293659,0.197227,0.237440,0.367133,0.621325,0.271586,0.163040,0.402026,0.142983
10.7100,40.02,0.263269,0.157308,0.413649,0.290281,0.221413,0.292029,0.370918,0.624096,0.269016,0.187492,0.405573,0.166308
10.7200,40.48,0.271023,0.163506,0.506019,0.318349,0.230459,0.293847,0.376056,0.627800,0.291778,0.187507,0.415085,0.174056
10.7300,40.95,0.280427,0.198054,0.513167,0.362735,0.286851,0.300416,0.406621,0.628551,0.325572,0.232160,0.458551,0.215052
10.7400,41.41,0.283795,0.241442,0.591820,0.383904,0.340306,0.303523,0.412083,0.614899,0.331701,0.285704,0.484714,0.273116
10.7500,41.88,0.293332,0.262138,0.602592,0.410312,0.342500,0.309543,0.415693,0.627046,0.349319,0.312876,0.495172,0.301045
10.7600,42.35,0.309360,0.305106,0.599999,0.447042,0.346675,0.323841,0.432138,0.633561,0.372624,0.373028,0.525333,0.359680
10.7700,42.81,0.316395,0.353078,0.608489,0.496795,0.343234,0.334515,0.457416,0.619363,0.381616,0.448141,0.609297,0.455172
10.7800,43.28,0.329316,0.407912,0.595602,0.512777,0.345212,0.347433,0.476071,0.661293,0.399839,0.535355,0.623541,0.524388
10.7900,43.74,0.327575,0.450262,0.627462,0.573801,0.339389,0.340073,0.508211,0.588269,0.447287,0.602123,0.661792,0.578065
10.8000,44.21,0.334903,0.467622,0.653215,0.562135,0.345108,0.349398,0.518271,0.594248,0.449032,0.640782,0.659264,0.588049
10.8100,44.67,0.341760,0.485666,0.662588,0.595186,0.351596,0.351826,0.535574,0.571794,0.484603,0.685483,0.664595,0.596626
10.8200,45.14,0.352012,0.489729,0.656390,0.591657,0.361278,0.360717,0.535015,0.634308,0.492260,0.700917,0.648153,0.588328
10.8300,45.60,0.361227,0.466585,0.672874,0.559419,0.373794,0.370482,0.522023,0.652237,0.480066,0.690741,0.612743,0.542384
10.8400,46.07,0.363447,0.479304,0.686546,0.556825,0.373446,0.372399,0.524220,0.647949,0.483658,0.714864,0.607467,0.551412
10.8500,46.53,0.399169,0.478558,0.681002,0.565041,0.410769,0.406727,0.523834,0.684223,0.493449,0.723690,0.602677,0.546676
10.8600,47.00,0.427383,0.478380,0.665815,0.552057,0.444778,0.438895,0.540852,0.746296,0.497885,0.725911,0.602773,0.529141
10.8700,47.46,0.523843,0.475915,0.659070,0.562607,0.550446,0.536714,0.547374,0.838323,0.510389,0.722498,0.605860,0.522495
10.8800,47.93,0.601759,0.473496,0.821426,0.587905,0.642589,0.614658,0.564581,0.854305,0.532363,0.672606,0.625672,0.519341
10.8900,48.39,0.642692,0.469360,0.995204,0.552312,0.690437,0.657225,0.565566,0.849942,0.532485,0.637118,0.587443,0.485463
10.9000,48.86,0.671280,0.469853,1.081508,0.548752,0.721841,0.686646,0.565786,0.855128,0.532858,0.626466,0.583319,0.482762
10.9100,49.33,0.760302,0.469291,1.143498,0.516008,0.733274,0.773131,0.566782,0.862710,0.543170,0.619571,0.537656,0.447975
10.9200,49.79,0.810561,0.468485,1.184094,0.519070,0.719473,0.822715,0.573190,0.861544,0.552269,0.615863,0.537900,0.443224
10.9300,50.26,0.828264,0.458071,1.181786,0.518609,0.714995,0.842144,0.563362,0.909124,0.540945,0.611860,0.539459,0.441205
10.9400,50.72,0.864303,0.457401,1.193052,0.519285,0.708505,0.873828,0.566223,0.918001,0.540531,0.612559,0.543257,0.441395
10.9500,51.19,0.913601,0.457850,1.224239,0.531290,0.707673,0.889440,0.563513,0.916881,0.548898,0.617341,0.545107,0.444933
10.9600,51.65,0.909680,0.454808,1.260243,0.529590,0.699984,0.880038,0.559544,0.950917,0.545129,0.612882,0.543298,0.443432
10.9700,52.12,0.902130,0.457856,1.260100,0.520792,0.729782,0.873879,0.539270,0.940620,0.526238,0.640749,0.533586,0.453596
10.9800,52.58,0.857131,0.483763,1.250645,0.516456,0.752732,0.830768,0.535384,0.961382,0.522515,0.690092,0.529059,0.478476
10.9900,53.05,0.849319,0.502682,1.245095,0.517194,0.790467,0.827191,0.531546,0.963398,0.520760,0.730991,0.527848,0.499333
11.0000,53.51,0.831997,0.510557,1.232169,0.515670,0.791200,0.813342,0.531047,0.984098,0.521712,0.746460,0.524812,0.504742
11.0100,53.98,0.821449,0.508930,1.219692,0.514977,0.783859,0.803121,0.527940,0.997004,0.518701,0.749150,0.524097,0.505330
11.0200,54.44,0.813809,0.508378,1.207848,0.512991,0.777935,0.795717,0.526676,1.019206,0.517476,0.750321,0.522047,0.504033
11.0300,54.91,0.801193,0.505603,1.193593,0.510540,0.766092,0.783493,0.523720,1.042537,0.514612,0.750321,0.519518,0.501659
11.0400,55.37,0.787043,0.504564,1.189006,0.510766,0.752807,0.772426,0.522613,1.049739,0.514933,0.750321,0.518333,0.500546
11.0500,55.84,0.782982,0.505813,1.187609,0.510578,0.749625,0.766707,0.523573,1.057905,0.514933,0.752313,0.519085,0.501596
11.0600,56.31,0.780218,0.507920,1.187356,0.509122,0.751130,0.762278,0.523458,1.059690,0.513894,0.757828,0.518526,0.503248
11.0700,56.77,0.775449,0.508669,1.186241,0.508424,0.750618,0.759395,0.521980,1.060611,0.513388,0.760180,0.516866,0.503787
11.0800,57.24,0.764015,0.519014,1.181496,0.506720,0.768379,0.752610,0.516674,1.062134,0.510543,0.783048,0.512769,0.515077
11.0900,57.70,0.754585,0.518868,1.164754,0.504149,0.769933,0.748523,0.510668,1.082696,0.507416,0.789774,0.507362,0.515466
11.1000,58.17,0.734814,0.520460,1.162169,0.502201,0.768335,0.740089,0.502365,1.086184,0.505227,0.794569,0.499370,0.517265
11.1100,58.63,0.718992,0.520428,1.165414,0.494092,0.768262,0.727900,0.493774,1.088202,0.498629,0.795822,0.489317,0.515523
11.1200,59.10,0.712026,0.520631,1.246491,0.488530,0.765429,0.714398,0.491556,1.085395,0.492860,0.782052,0.487247,0.515846
11.1300,59.56,0.704310,0.520443,1.317062,0.486593,0.757976,0.704233,0.490838,1.082485,0.490796,0.771455,0.486635,0.515766
11.1400,60.03,0.692297,0.520443,1.397104,0.483595,0.753717,0.695630,0.486235,1.087726,0.488111,0.759043,0.481751,0.515367
11.1500,60.49,0.676827,0.520053,1.411198,0.479939,0.745280,0.683438,0.481300,1.091528,0.485086,0.756682,0.476226,0.514209
11.1600,60.96,0.668760,0.519668,1.411427,0.470550,0.743318,0.665463,0.477303,1.097953,0.475402,0.756097,0.472416,0.513959
11.1700,61.42,0.656063,0.519061,1.412631,0.465117,0.740304,0.654637,0.470903,1.091412,0.470075,0.755278,0.465929,0.513117
11.1800,61.89,0.624407,0.517944,1.402178,0.458738,0.735728,0.641765,0.453631,1.087259,0.463844,0.756743,0.448730,0.511695
11.1900,62.35,0.601824,0.514920,1.399852,0.456053,0.722760,0.631022,0.443688,1.079474,0.461197,0.752057,0.438898,0.508624
11.2000,62.82,0.594018,0.505179,1.391625,0.454575,0.704709,0.626817,0.439549,1.080712,0.459298,0.736294,0.435194,0.499554
11.2100,63.29,0.582453,0.499443,1.365736,0.454395,0.684433,0.617418,0.437492,1.102685,0.459016,0.728352,0.433263,0.494046
11.2200,63.75,0.571849,0.497645,1.313950,0.446559,0.673381,0.597827,0.434800,1.136513,0.451121,0.730222,0.430538,0.492179
11.2300,64.22,0.547885,0.488357,1.309963,0.433686,0.654951,0.573920,0.421135,1.135116,0.437751,0.714177,0.417351,0.483384
11.2400,64.68,0.534105,0.474672,1.272861,0.428471,0.632015,0.564268,0.412666,1.145378,0.432038,0.694466,0.409390,0.470427
11.2500,65.15,0.528708,0.467286,1.265031,0.420631,0.618957,0.550704,0.409786,1.144013,0.424002,0.682423,0.406622,0.463251
11.2600,65.61,0.513766,0.450703,1.265031,0.410272,0.594561,0.534645,0.399053,1.137465,0.412576,0.654233,0.396887,0.447987
11.2700,66.08,0.485646,0.429698,1.255903,0.402636,0.561361,0.522708,0.380632,1.150344,0.404860,0.616449,0.378650,0.427212
11.2800,66.54,0.463553,0.401899,1.259172,0.393749,0.516924,0.507714,0.366669,1.137465,0.395882,0.566990,0.364820,0.399704
11.2900,67.01,0.432643,0.378915,1.252024,0.367227,0.481951,0.467190,0.345839,1.150344,0.369098,0.526988,0.344183,0.376949
11.3000,67.47,0.404543,0.360078,1.241663,0.358266,0.451784,0.451994,0.327728,1.137465,0.360221,0.496034,0.326092,0.358125
11.3100,67.94,0.372527,0.341920,1.239724,0.328269,0.423425,0.406195,0.306305,1.137465,0.329973,0.465431,0.304825,0.340098
11.3200,68.40,0.359913,0.332047,1.238475,0.316981,0.408776,0.389364,0.297559,1.109411,0.318457,0.450281,0.296261,0.330449
11.3300,68.87,0.413762,0.331189,1.220945,0.305909,0.406391,0.372839,0.336339,1.111812,0.307481,0.449775,0.334477,0.329380
11.3400,69.33,0.451243,0.317562,1.213187,0.300827,0.385142,0.363993,0.363896,1.110604,0.302392,0.427886,0.361677,0.315844
11.3500,69.80,0.454555,0.311839,1.212531,0.284809,0.376021,0.340728,0.367214,1.096685,0.286188,0.419048,0.365006,0.310216
11.3600,70.27,0.499868,0.309602,1.217420,0.278731,0.371691,0.331338,0.399551,1.080194,0.280021,0.415498,0.397030,0.308041
11.3700,70.73,0.974838,0.307482,1.225323,0.260436,0.368609,0.306675,0.697163,1.035889,0.261683,0.412645,0.689467,0.305787
11.3800,71.20,1.022460,0.306364,1.120278,0.231407,0.367666,0.268643,0.723084,1.024599,0.232424,0.419033,0.714677,0.304642
11.3900,71.66,1.025818,0.304803,0.990510,0.224285,0.365356,0.259234,0.725582,1.025650,0.225220,0.427879,0.717330,0.303139
11.4000,72.13,1.035917,0.302568,0.914126,0.221905,0.362283,0.256116,0.731377,1.021886,0.222800,0.432246,0.723204,0.300965
11.4100,72.59,1.034231,0.300334,0.858718,0.203043,0.359218,0.231506,0.730410,1.013117,0.203512,0.435190,0.725326,0.299349
11.4200,73.06,1.030469,0.298660,0.812649,0.185223,0.357499,0.209206,0.726547,1.011865,0.185548,0.438267,0.722362,0.297850
11.4300,73.52,1.025818,0.298887,0.786957,0.180484,0.356923,0.203054,0.726748,0.968988,0.180864,0.443684,0.721622,0.297892
11.4400,73.99,1.024138,0.299445,0.767459,0.172210,0.357688,0.192783,0.725780,0.959056,0.172527,0.448150,0.721099,0.298532
11.4500,74.45,1.019107,0.296882,0.721476,0.139245,0.353871,0.152835,0.724065,0.957280,0.139489,0.450419,0.718665,0.295839
11.4600,74.92,1.020360,0.296558,0.664900,0.135780,0.353674,0.148789,0.724312,0.934395,0.136017,0.460930,0.718813,0.295497
11.4700,75.38,1.022460,0.277598,0.642800,0.131262,0.325990,0.143132,0.733918,0.919589,0.131590,0.425409,0.725710,0.276221
11.4800,75.85,1.039958,0.236737,0.639562,0.130180,0.273265,0.142108,0.741101,0.900174,0.130500,0.346608,0.732877,0.235732
11.4900,76.31,1.043085,0.194788,0.677270,0.120871,0.219884,0.131234,0.744248,0.890676,0.121198,0.266837,0.734491,0.193969
11.5000,76.78,1.049490,0.177950,0.755776,0.119785,0.199500,0.130081,0.744248,0.878064,0.120023,0.233537,0.737023,0.177440
11.5100,77.25,1.052770,0.175475,0.808624,0.122147,0.196394,0.132931,0.747602,0.872395,0.122489,0.226493,0.737605,0.174790
11.5200,77.71,1.051218,0.174451,0.917203,0.123392,0.194841,0.134192,0.749489,0.860864,0.123698,0.220083,0.740691,0.173856
11.5300,78.18,1.054506,0.174698,0.981176,0.123502,0.195063,0.134306,0.753143,0.833729,0.123825,0.218144,0.743856,0.174070
11.5400,78.64,1.061243,0.174828,0.995220,0.124737,0.195518,0.135922,0.755065,0.827132,0.125075,0.217788,0.745517,0.174182
11.5500,79.11,1.059492,0.172044,1.034422,0.124749,0.192185,0.135922,0.753071,0.824731,0.125041,0.212523,0.744851,0.171503
11.5600,79.57,1.062936,0.165110,1.042199,0.126015,0.183786,0.137431,0.755023,0.832105,0.126295,0.202046,0.747281,0.164641
11.5700,80.04,1.061177,0.161375,1.047049,0.126067,0.179178,0.137431,0.754995,0.870496,0.126331,0.196024,0.747709,0.160952
11.5800,80.50,1.059419,0.129689,1.060644,0.130825,0.141320,0.143001,0.754979,0.873091,0.131119,0.152114,0.747428,0.129400
11.5900,80.97,1.057663,0.118714,1.082911,0.133463,0.128272,0.145801,0.760430,0.843527,0.133761,0.137276,0.753058,0.118476
11.6000,81.43,1.057663,0.108677,1.088283,0.133549,0.116659,0.145801,0.762759,0.839779,0.133856,0.124212,0.755174,0.108472
11.6100,81.90,1.057663,0.106160,1.082666,0.136453,0.113633,0.148611,0.767957,0.844588,0.136468,0.120904,0.767598,0.106150
11.6200,82.36,1.052496,0.101917,0.980020,0.137701,0.108737,0.149874,0.767020,0.850029,0.137676,0.116692,0.767599,0.101931
11.6300,82.83,1.057663,0.101459,0.889475,0.140280,0.108219,0.152845,0.771130,0.849652,0.140217,0.117271,0.772550,0.101493
11.6400,83.29,1.061139,0.104075,0.843348,0.147680,0.111308,0.161550,0.769524,0.838487,0.147392,0.121555,0.775472,0.104222
11.6500,83.76,1.064674,0.104643,0.825018,0.151781,0.112000,0.166040,0.770995,0.838863,0.151100,0.122594,0.784386,0.104978
11.6600,84.23,1.068205,0.108382,0.826682,0.155566,0.116146,0.170193,0.775839,0.862147,0.154772,0.127398,0.790895,0.108782
11.6700,84.69,1.064695,0.112089,0.832131,0.154450,0.120306,0.168563,0.774882,0.918880,0.153507,0.131933,0.793041,0.112604
11.6800,85.16,1.066457,0.120757,0.828233,0.161606,0.130122,0.175809,0.779303,0.942553,0.159776,0.143484,0.812076,0.121826
11.6900,85.62,1.073552,0.139689,0.834242,0.166606,0.152353,0.182069,0.780022,0.947683,0.164711,0.169503,0.812076,0.141072
11.7000,86.09,1.078977,0.151315,0.842707,0.175394,0.166039,0.192668,0.784827,0.948661,0.173548,0.185543,0.813235,0.152737
11.7100,86.55,1.107003,0.159052,0.854939,0.183297,0.176023,0.202741,0.793426,0.927694,0.181032,0.196417,0.826143,0.160823
11.7200,87.02,1.216896,0.164004,0.864307,0.201167,0.182960,0.225674,0.847516,0.904033,0.198458,0.203558,0.884275,0.165890
11.7300,87.48,1.240429,0.169668,0.901089,0.216280,0.190258,0.245606,0.857880,0.893027,0.213746,0.210373,0.888312,0.171306
11.7400,87.95,1.249503,0.170629,0.927571,0.220161,0.191218,0.250913,0.867672,0.896869,0.218187,0.210233,0.890697,0.171871
11.7500,88.41,1.276733,0.171822,0.942445,0.254409,0.192874,0.294863,0.881725,0.905379,0.251753,0.211196,0.906068,0.173119
11.7600,88.88,1.309018,0.176896,0.954659,0.272263,0.197701,0.317341,0.921842,0.925790,0.271277,0.216383,0.930125,0.177341
11.7700,89.34,1.522957,0.186584,1.037197,0.284224,0.209542,0.333186,1.047668,0.954181,0.283382,0.226664,1.055696,0.186972
11.7800,89.81,1.566552,0.297745,0.929355,0.292340,0.352455,0.343879,1.071418,1.760601,0.291307,0.386358,1.081148,0.298820
11.7900,90.27,1.589021,0.656361,0.817262,0.318477,0.867691,0.375834,1.096335,3.833800,0.317038,1.002454,1.108394,0.661533
11.8000,90.74,1.596110,0.906791,0.782074,0.333585,1.268993,0.395136,1.100695,4.730349,0.331305,1.194778,1.118390,0.919728
11.8100,91.21,1.589021,0.988053,0.777924,0.338951,1.395952,0.399794,1.102553,4.521713,0.335694,1.169892,1.127273,1.008781
11.8200,91.67,1.545361,1.037794,0.773402,0.344454,1.406562,0.396724,1.125634,4.232097,0.341210,1.152750,1.150160,1.059342
11.8300,92.14,1.455746,1.063948,0.772202,0.346142,1.400075,0.391840,1.100863,4.160433,0.342772,1.147026,1.125231,1.087028
11.8400,92.60,1.384848,1.066994,0.776639,0.349610,1.368649,0.387252,1.078155,4.093878,0.343217,1.155133,1.122679,1.110786
11.8500,93.07,1.380552,1.082884,0.781344,0.351906,1.364424,0.386635,1.094311,3.766153,0.345537,1.165301,1.138668,1.126513
11.8600,93.53,1.317080,1.085495,0.790669,0.352252,1.356157,0.385429,1.057398,3.723156,0.345918,1.181650,1.099031,1.128888
11.8700,94.00,0.933027,1.095058,0.792464,0.353690,1.372399,0.386028,0.774198,3.702499,0.346046,1.182412,0.804563,1.148081
11.8800,94.46,0.887336,1.095506,0.795808,0.354117,1.372399,0.384312,0.740150,3.694574,0.344687,1.188553,0.775179,1.161405
11.8900,94.93,0.877081,1.095506,0.833958,0.354516,1.376615,0.384915,0.730767,3.694574,0.344687,1.259101,0.766517,1.164192
11.9000,95.39,0.866202,1.100524,0.845267,0.359844,1.376615,0.390082,0.725148,3.607866,0.349696,1.280183,0.760592,1.169898
11.9100,95.86,0.871503,1.100988,0.847534,0.364180,1.380894,0.394173,0.727736,3.600025,0.352631,1.284417,0.767702,1.178800
11.9200,96.32,0.869945,1.107161,0.849802,0.366528,1.380894,0.394173,0.729722,3.498744,0.353547,1.288658,0.774527,1.194625
11.9300,96.79,0.870607,1.112585,0.853207,0.370166,1.385236,0.394818,0.731310,3.413976,0.354352,1.295030,0.785745,1.219133
11.9400,97.25,0.869724,1.125627,0.856616,0.371289,1.402044,0.395472,0.730997,3.352862,0.354956,1.297654,0.786922,1.237059
11.9500,97.72,0.870426,1.129853,0.858250,0.371471,1.406575,0.394388,0.731917,3.296227,0.354120,1.299777,0.791599,1.249089
11.9600,98.19,0.867286,1.122951,0.854836,0.373321,1.394119,0.394388,0.730592,3.266013,0.354433,1.297157,0.795213,1.251143
11.9700,98.65,0.863285,1.124566,0.853699,0.373962,1.398661,0.395058,0.726596,3.243426,0.354671,1.295030,0.791887,1.255490
11.9800,99.12,0.853880,1.135293,0.852563,0.376219,1.411174,0.396810,0.720199,3.220903,0.356372,1.289176,0.785809,1.270695
11.9900,99.58,0.853880,1.147238,0.836692,0.381043,1.423734,0.402082,0.721550,3.183507,0.361181,1.256125,0.785809,1.281505
